entity,value,synonyms
Conseiller-ère d'Etat,WENGER Saliha (Salika),wenger:saliha:salika
Conseiller-ère d'Etat,HALLER Jocelyne,haller:jocelyne
Conseiller-ère d'Etat,EMERY-TORRACINTA Anne,emery-torracinta:anne
Conseiller-ère d'Etat,APOTHÉLOZ Thierry,apothéloz:thierry
Conseiller-ère d'Etat,SALERNO Sandrine,salerno:sandrine
Conseiller-ère d'Etat,HODGERS Antonio,hodgers:antonio
Conseiller-ère d'Etat,DE CHASTONAY Marjorie,de:chastonay:marjorie
Conseiller-ère d'Etat,ROCHAT Yvan,rochat:yvan
Conseiller-ère d'Etat,POGGIA Mauro,poggia:mauro
Conseiller-ère d'Etat,ROCH Ana Belen,roch:ana:belen
Conseiller-ère d'Etat,SORMANNI Daniel,sormanni:daniel
Conseiller-ère d'Etat,MAUDET Pierre,maudet:pierre
Conseiller-ère d'Etat,DAL BUSCO Serge,dal:busco:serge
Conseiller-ère d'Etat,BARTHASSAT Luc,barthassat:luc
Conseiller-ère d'Etat,FONTANET Nathalie,fontanet:nathalie
Conseiller-ère d'Etat,DE SENARCLENS Alexandre,de:senarclens:alexandre
Conseiller-ère d'Etat,AMBERGER Axel,amberger:axel
Conseiller-ère d'Etat,BURGERMEISTER Jean,burgermeister:jean
Conseiller-ère d'Etat,NIDEGGER Yves,nidegger:yves
Conseiller-ère d'Etat,BLÄSI Thomas,bläsi:thomas
Conseiller-ère d'Etat,FLOREY Stéphane,florey:stéphane
Conseiller-ère d'Etat,STAUFFER Eric,stauffer:eric
Conseiller-ère d'Etat,ZACHARIAS Ronald,zacharias:ronald
Conseiller-ère d'Etat,CRETEGNY Willy,cretegny:willy
Conseiller-ère d'Etat,AYMON Paul (dit Paul Sierre),aymon:paul:paul:sierre
Conseiller-ère d'Etat,ORSINI Magali,orsini:magali
Conseiller-ère d'Etat,GAUTHIER Pierre,gauthier:pierre
Conseiller-ère d'Etat,VIDONNE Thierry,vidonne:thierry
Conseiller-ère d'Etat,LEITNER André,leitner:andré
Conseiller-ère d'Etat,FONTANA Jérôme,fontana:jérôme
Conseiller-ère d'Etat,AMSLER Susanne,amsler:susanne
Député-e,PAGANI Rémy,pagani:rémy
Député-e,WENGER Saliha (Salika),wenger:saliha:salika
Député-e,ZAUGG Christian,zaugg:christian
Député-e,HALLER Jocelyne,haller:jocelyne
Député-e,EMERY-TORRACINTA Anne,emery-torracinta:anne
Député-e,APOTHÉLOZ Thierry,apothéloz:thierry
Député-e,SALERNO Sandrine,salerno:sandrine
Député-e,HODGERS Antonio,hodgers:antonio
Député-e,DE CHASTONAY Marjorie,de:chastonay:marjorie
Député-e,ROCHAT Yvan,rochat:yvan
Député-e,CRUCHON Pablo,cruchon:pablo
Député-e,POGGIA Mauro,poggia:mauro
Député-e,ROCH Ana Belen,roch:ana:belen
Député-e,SORMANNI Daniel,sormanni:daniel
Député-e,MAUDET Pierre,maudet:pierre
Député-e,DAL BUSCO Serge,dal:busco:serge
Député-e,BARTHASSAT Luc,barthassat:luc
Député-e,FONTANET Nathalie,fontanet:nathalie
Député-e,DE SENARCLENS Alexandre,de:senarclens:alexandre
Député-e,ENILINE Alexander,eniline:alexander
Député-e,JELK Andrée (JELK-PEILA),jelk:andrée:jelk-peila
Député-e,ECUYER Hélène,ecuyer:hélène
Député-e,ISSOM David-Zacharie,issom:david-zacharie
Député-e,OSSMANN Sekna,ossmann:sekna
Député-e,NYFFELER BATOU Françoise,nyffeler:batou:françoise
Député-e,JANUZI Bashkim,januzi:bashkim
Député-e,ECUYER Sébastien,ecuyer:sébastien
Député-e,OVETT BONDI Davinia,ovett:bondi:davinia
Député-e,JIMENEZ Jean-Daniel,jimenez:jean-daniel
Député-e,ECUYER Annick,ecuyer:annick
Député-e,PERADOTTO Julie,peradotto:julie
Député-e,MANRÍQUEZ Matías,manríquez:matías
Député-e,ZEHFUS Yves,zehfus:yves
Député-e,ZAUGG Daniel,zaugg:daniel
Député-e,PEREZ Maria (Lou),perez:maria:lou
Député-e,SCHNEBLI Tobias (Tobia),schnebli:tobias:tobia
Député-e,MISSOH DZIKUNOO Massan,missoh:dzikunoo:massan
Député-e,MARTENOT Aude,martenot:aude
Député-e,VANEK Pierre,vanek:pierre
Député-e,CLEMENT Patrice,clement:patrice
Député-e,VALENTINO Stéphanie,valentino:stéphanie
Député-e,PREZIOSO BATOU Stefania,prezioso:batou:stefania
Député-e,ESAKI KABEYA Elisabeth,esaki:kabeya:elisabeth
Député-e,LANGFORD Pia,langford:pia
Député-e,VINCENT Michel,vincent:michel
Député-e,RUMPCZYK Delphine,rumpczyk:delphine
Député-e,SALM DARBOE Karijn,salm:darboe:karijn
Député-e,ANDENMATTEN David,andenmatten:david
Député-e,SCHMID Audrey,schmid:audrey
Député-e,GUEVARA Francisco,guevara:francisco
Député-e,BATOU Jean,batou:jean
Député-e,STEBLER GUENAT Henriette,stebler:guenat:henriette
Député-e,EDJEOU Corinne (BUNTSCHU),edjeou:corinne:buntschu
Député-e,MEIERHOFER MANYAGOUA BOUMTCHÉ Charlotte,meierhofer:manyagoua:boumtché:charlotte
Député-e,BAUD Olivier,baud:olivier
Député-e,ZBINDEN Livia,zbinden:livia
Député-e,ROSSEL Pascal,rossel:pascal
Député-e,BAYENET Pierre,bayenet:pierre
Député-e,BAILAT Ariane,bailat:ariane
Député-e,MAILLEFER Denise,maillefer:denise
Député-e,ZAUGG Cecilia,zaugg:cecilia
Député-e,BLANCHET Marjo,blanchet:marjo
Député-e,MARTI Werner,marti:werner
Député-e,KHAOUCHI Corinne,khaouchi:corinne
Député-e,BOLAY ROBIN Stéphanie,bolay:robin:stéphanie
Député-e,BLANCO Luis,blanco:luis
Député-e,MAMIN François,mamin:françois
Député-e,DE MELO MARCELINO Amélia,de:melo:marcelino:amélia
Député-e,BOUZID Mohamed,bouzid:mohamed
Député-e,BOUJEMAA Sanae,boujemaa:sanae
Député-e,GALLAND Eduardo,galland:eduardo
Député-e,BURGERMEISTER Jean,burgermeister:jean
Député-e,CASTRO Gloria,castro:gloria
Député-e,CAMELO Alfredo,camelo:alfredo
Député-e,NOETZLIN Simon,noetzlin:simon
Député-e,DURAKU Fitore,duraku:fitore
Député-e,DURAKU Edon,duraku:edon
Député-e,FERREIRA Elisabeth,ferreira:elisabeth
Député-e,PERLER Frédérique,perler:frédérique
Député-e,BUSCHBECK Mathias,buschbeck:mathias
Député-e,LEFORT François,lefort:françois
Député-e,LEONELLI Katia,leonelli:katia
Député-e,MACCHIAVELLI Marta (Marta Julia),macchiavelli:marta:marta:julia
Député-e,MAKOSSO William,makosso:william
Député-e,MARTIN David,martin:david
Député-e,MÜLLER SONTAG Corinne,müller:sontag:corinne
Député-e,NICOLET-DIT-FELIX Julien,nicolet-dit-felix:julien
Député-e,NOËL Philippe,noël:philippe
Député-e,ORIOLO Alessandra,oriolo:alessandra
Député-e,OZTÜRK Dilara,oztürk:dilara
Député-e,PASQUIER Isabelle (PASQUIER-EICHENBERGER),pasquier:isabelle:pasquier-eichenberger
Député-e,POGET Philippe,poget:philippe
Député-e,QUIJANO GARCIA Maria (Maria José),quijano:garcia:maria:maria:josé
Député-e,RODRIGUEZ Mario,rodriguez:mario
Député-e,ROGG Catharina (Olowine),rogg:catharina:olowine
Député-e,ROSSIAUD Jean,rossiaud:jean
Député-e,SAA BAUD Yubitza,saa:baud:yubitza
Député-e,SCHALK Antoine,schalk:antoine
Député-e,SCHAUFELBERGER Esther,schaufelberger:esther
Député-e,SORDET Adrienne,sordet:adrienne
Député-e,TALEGHANI Majid,taleghani:majid
Député-e,TCHAMKERTEN Jolanka,tchamkerten:jolanka
Député-e,TIGUEMOUNINE Sabine,tiguemounine:sabine
Député-e,TINGUELY Dominique,tinguely:dominique
Député-e,TSCHUDI Paloma,tschudi:paloma
Député-e,VAN WOERDEN Wendy,van:woerden:wendy
Député-e,VEIGA ARIAS Damian (VEIGA LÖFFEL),veiga:arias:damian:veiga:löffel
Député-e,WISARD PRADO Leyma,wisard:prado:leyma
Député-e,YUNUS EBENER Mariam (Maryam),yunus:ebener:mariam:maryam
Député-e,AMATO Maurice,amato:maurice
Député-e,AMSELLEM Benedicte (AMSELLEM-OSSIPOW),amsellem:benedicte:amsellem-ossipow
Député-e,ARDIZZONE Ivan,ardizzone:ivan
Député-e,AZZABI Omar,azzabi:omar
Député-e,BÄNZIGER Ruth,bänziger:ruth
Député-e,BARCIELA VILLAR Ana,barciela:villar:ana
Député-e,BAVAREL Christian,bavarel:christian
Député-e,BOCCARD Damien (Damien Baptiste),boccard:damien:damien:baptiste
Député-e,BONNY Didier,bonny:didier
Député-e,BONVIN BONFANTI Anne,bonvin:bonfanti:anne
Député-e,BUCHER Denis,bucher:denis
Député-e,BUENZOD Christian,buenzod:christian
Député-e,BUI Aurore,bui:aurore
Député-e,CABITZA Marina,cabitza:marina
Député-e,CALAME Boris,calame:boris
Député-e,CALAME Fabrice,calame:fabrice
Député-e,CHAUDIEU Anne,chaudieu:anne
Député-e,CONCHA Celtia,concha:celtia
Député-e,CORPATAUX Laurence,corpataux:laurence
Député-e,DALPHIN Marc,dalphin:marc
Député-e,DE FELICE Nicolas,de:felice:nicolas
Député-e,DE MATTEIS Yves,de:matteis:yves
Député-e,DE ROUGEMONT Philippe,de:rougemont:philippe
Député-e,DESBIOLLES Sophie,desbiolles:sophie
Député-e,DESCOMBES Isabelle,descombes:isabelle
Député-e,DUJOUX Valentin,dujoux:valentin
Député-e,DUPUIS Renaud,dupuis:renaud
Député-e,EBENER Christophe,ebener:christophe
Député-e,ECKERT Pierre,eckert:pierre
Député-e,FISCHER Fabienne,fischer:fabienne
Député-e,FREYMOND Pascal,freymond:pascal
Député-e,GEOFFROY Elias,geoffroy:elias
Député-e,GOMEZ Alfonso,gomez:alfonso
Député-e,HAAS François,haas:françois
Député-e,HARTMANN Esther,hartmann:esther
Député-e,HEBERLEIN SIMONETT Claudia,heberlein:simonett:claudia
Député-e,HERREN Yves,herren:yves
Député-e,KHAMIS VANNINI Uzma,khamis:vannini:uzma
Député-e,KLOPFENSTEIN BROGGINI Delphine,klopfenstein:broggini:delphine
Député-e,KÜNDIG Ralph,kündig:ralph
Député-e,LATOUR Sabine,latour:sabine
Député-e,DE SAINTE-MARIE Romain,de:sainte-marie:romain
Député-e,KAST Carole-Anne,kast:carole-anne
Député-e,WENGER Thomas,wenger:thomas
Député-e,MARTI Caroline,marti:caroline
Député-e,BANDLER Marko,bandler:marko
Député-e,MOYARD MIZRAHI Salima,moyard:mizrahi:salima
Député-e,DANDRÈS Christian,dandrès:christian
Député-e,VERISSIMO DE FREITAS Helena,verissimo:de:freitas:helena
Député-e,CARASSO Grégoire,carasso:grégoire
Député-e,SOBANEK Marion,sobanek:marion
Député-e,THÉVOZ Sylvain,thévoz:sylvain
Député-e,CONTI Jennifer,conti:jennifer
Député-e,STAUB Martin,staub:martin
Député-e,VALIQUER GRECUCCIO Nicole,valiquer:grecuccio:nicole
Député-e,RIELLE Jean Charles,rielle:jean:charles
Député-e,GAVILANES Amanda,gavilanes:amanda
Député-e,MIZRAHI Cyril,mizrahi:cyril
Député-e,CASARES Maria Jesus,casares:maria:jesus
Député-e,POMATTO Michel,pomatto:michel
Député-e,STRASSER Léna,strasser:léna
Député-e,KOKOT Guilhem,kokot:guilhem
Député-e,ROMANO Maria (Maria Vittoria),romano:maria:maria:vittoria
Député-e,MUSSA Ahmed (Youniss),mussa:ahmed:youniss
Député-e,OSMANI Xhevrie,osmani:xhevrie
Député-e,ESTEBAN Diego,esteban:diego
Député-e,BAILLON Glenna,baillon:glenna
Député-e,EYA NCHAMA Cruz Melchor,eya:nchama:cruz:melchor
Député-e,BRANDRUP Gladys (ACOSTA BRANDRUP),brandrup:gladys:acosta:brandrup
Député-e,CHIARADONNA Denis,chiaradonna:denis
Député-e,LÜTHI Badia,lüthi:badia
Député-e,CLEMENCE Nicolas,clemence:nicolas
Député-e,VATRE Patricia,vatre:patricia
Député-e,ZIMMERMANN Michel,zimmermann:michel
Député-e,VIRET Dora (Cécilia),viret:dora:cécilia
Député-e,VELASCO Alberto,velasco:alberto
Député-e,FABRE Michel,fabre:michel
Député-e,DE BATTISTA Regis,de:battista:regis
Député-e,DEONNA Emmanuel,deonna:emmanuel
Député-e,TOMBOLA Jean-Pierre,tombola:jean-pierre
Député-e,KEEL Theo,keel:theo
Député-e,LAPALUD Patrick,lapalud:patrick
Député-e,BARRY Thierno,barry:thierno
Député-e,HALIMI Hysri,halimi:hysri
Député-e,GAJARDO MUNOZ Jorge,gajardo:munoz:jorge
Député-e,ALONSO UNICA Manuel,alonso:unica:manuel
Député-e,BALDINI Frédéric,baldini:frédéric
Député-e,BRUCHEZ Thomas,bruchez:thomas
Député-e,BENDA Benjamin,benda:benjamin
Député-e,BURKHARD Roland,burkhard:roland
Député-e,BOSSHARD Pierre Yves,bosshard:pierre:yves
Député-e,KURTESHI Ismet,kurteshi:ismet
Député-e,DE MONTMOLLIN Simone,de:montmollin:simone
Député-e,MOREL Philippe,morel:philippe
Député-e,PUTALLAZ Jean (Jean ROMAIN),putallaz:jean:jean:romain
Député-e,SAUDAN Patrick,saudan:patrick
Député-e,SELLEGER Charles,selleger:charles
Député-e,UEHLINGER Pascal,uehlinger:pascal
Député-e,VUILLOD Georges,vuillod:georges
Député-e,WICKY Raymond,wicky:raymond
Député-e,ZUBER Céline (ROY),zuber:céline:roy
Député-e,ZWEIFEL Yvan,zweifel:yvan
Député-e,AELLEN Cyril,aellen:cyril
Député-e,ALDER Murat Julian,alder:murat:julian
Député-e,BARBEY Alexis,barbey:alexis
Député-e,BARDE Antoine,barde:antoine
Député-e,BÉNÉ Jacques,béné:jacques
Député-e,DE CANDOLLE Beatriz,de:candolle:beatriz
Député-e,CONNE Pierre,conne:pierre
Député-e,CUENDET Edouard,cuendet:edouard
Député-e,HILTPOLD Serge,hiltpold:serge
Député-e,MALEK-ASGHAR Patrick,malek-asghar:patrick
Député-e,MONBARON Fabienne (MONBARON-STRESS),monbaron:fabienne:monbaron-stress
Député-e,MORAND Louise,morand:louise
Député-e,NICOLLIER Pierre,nicollier:pierre
Député-e,OPPLIGER Danielle,oppliger:danielle
Député-e,ORSINI Antoine,orsini:antoine
Député-e,PASQUIER Jean-Pierre,pasquier:jean-pierre
Député-e,PATEK Serge,patek:serge
Député-e,DE PLANTA Francine,de:planta:francine
Député-e,RANA ZOLANA Ginior,rana:zolana:ginior
Député-e,RIGOTTI Maria (Helena),rigotti:maria:helena
Député-e,ROULLET Michèle,roullet:michèle
Député-e,SCHALLER Vincent,schaller:vincent
Député-e,SCHNEEBELI Roland-Daniel,schneebeli:roland-daniel
Député-e,SENGLET Christophe,senglet:christophe
Député-e,SERRANO Philippe,serrano:philippe
Député-e,SOMMER Monika,sommer:monika
Député-e,STEINER Matthieu,steiner:matthieu
Député-e,SUBILIA Vincent,subilia:vincent
Député-e,TSCHOPP Laurent,tschopp:laurent
Député-e,WAVRE Rolin,wavre:rolin
Député-e,WICKI Guy,wicki:guy
Député-e,WOLFISBERG François,wolfisberg:françois
Député-e,AGRAMUNT Gian-Reto,agramunt:gian-reto
Député-e,APOTHÉLOZ Jacques,apothéloz:jacques
Député-e,AUBERT Nicolas,aubert:nicolas
Député-e,BARBIER-MUELLER Diane,barbier-mueller:diane
Député-e,BELLINGERI Stefano Vito,bellingeri:stefano:vito
Député-e,BERSIER Julie,bersier:julie
Député-e,BLANCH Richard-Pascal (Pascal),blanch:richard-pascal:pascal
Député-e,BÖHLER Frances (BÖHLER-GOODSHIP Elizabeth),böhler:frances:böhler-goodship:elizabeth
Député-e,BOUVIER Christine,bouvier:christine
Député-e,BRANDT Simon,brandt:simon
Député-e,BRON Gilles-Olivier,bron:gilles-olivier
Député-e,BRUNEL Mayori,brunel:mayori
Député-e,BURRI Rémy,burri:rémy
Député-e,CORNU Renate,cornu:renate
Député-e,CREFFIELD Conrad,creffield:conrad
Député-e,DAHER Vincent,daher:vincent
Député-e,DÉROBERT Thierry,dérobert:thierry
Député-e,DESFAYES Natacha (BUFFET-DESFAYES),desfayes:natacha:buffet-desfayes
Député-e,DOUZALS Jacques,douzals:jacques
Député-e,FISS Joëlle,fiss:joëlle
Député-e,GENECAND Adrien,genecand:adrien
Député-e,GIACOBINO Donata (GIACOBINO-FROIDEVAUX Nadia),giacobino:donata:giacobino-froidevaux:nadia
Député-e,GRAND Eric,grand:eric
Député-e,GROGNUZ Fabien,grognuz:fabien
Député-e,JAY Sylvie,jay:sylvie
Député-e,JUD Philippe,jud:philippe
Député-e,KÄMPFEN Véronique,kämpfen:véronique
Député-e,LÄMMEL Valérie (LAEMMEL-JUILLARD),lämmel:valérie:laemmel-juillard
Député-e,LEISER Jean-Marc,leiser:jean-marc
Député-e,LOCHER Jean,locher:jean
Député-e,LUZZATTO Christine,luzzatto:christine
Député-e,MESSERLI Marie-Claire,messerli:marie-claire
Député-e,MEYER Philippe,meyer:philippe
Député-e,BUCHS Bertrand,buchs:bertrand
Député-e,AEBI Benjamin,aebi:benjamin
Député-e,ANGELOZZI Philippe,angelozzi:philippe
Député-e,VON ARX-VERNON Anne-Marie,von:arx-vernon:anne-marie
Député-e,BACHMANN Delphine,bachmann:delphine
Député-e,BIDAUX Patricia (BIDAUX-RODRIGUEZ),bidaux:patricia:bidaux-rodriguez
Député-e,BLONDIN Jacques,blondin:jacques
Député-e,BOCQUET Claude,bocquet:claude
Député-e,BOURBALA Djamel,bourbala:djamel
Député-e,BOUVIER Jérémy,bouvier:jérémy
Député-e,BUGNION Jean-Michel,bugnion:jean-michel
Député-e,CASUTT Martine,casutt:martine
Député-e,CERUTTI Olivier,cerutti:olivier
Député-e,CHAKER MANGEAT Alia,chaker:mangeat:alia
Député-e,CHEVALIER Alexandre,chevalier:alexandre
Député-e,DECREY Christophe,decrey:christophe
Député-e,DELUERMOZ Cosima,deluermoz:cosima
Député-e,DESFAYES Sébastien,desfayes:sébastien
Député-e,DULEX Christophe,dulex:christophe
Député-e,DUPONT Thérèse,dupont:thérèse
Député-e,ENGELBERTS Marie-Thérèse (ENGELBERTS-LEONE),engelberts:marie-thérèse:engelberts-leone
Député-e,FISCHER Daniel,fischer:daniel
Député-e,FORNI Jean-Luc,forni:jean-luc
Député-e,FOURNIER Nicolas,fournier:nicolas
Député-e,FRISCHKNECHT Catherine,frischknecht:catherine
Député-e,GACHE Hélène,gache:hélène
Député-e,GASHI Sami,gashi:sami
Député-e,GIANNASI Anthony,giannasi:anthony
Député-e,GIANNELLI Mark,giannelli:mark
Député-e,GIORIA Gaëlle,gioria:gaëlle
Député-e,GUINCHARD Jean-Marc,guinchard:jean-marc
Député-e,DE KALBERMATTEN Alain,de:kalbermatten:alain
Député-e,KUNZ Laurence,kunz:laurence
Député-e,LANCE François,lance:françois
Député-e,LATHION Jean Charles,lathion:jean:charles
Député-e,LEHNER Laurent,lehner:laurent
Député-e,MAGNIN Xavier,magnin:xavier
Député-e,MAGNIN Yves,magnin:yves
Député-e,MAITRE Vincent,maitre:vincent
Député-e,MAKKI Michela (Michèle),makki:michela:michèle
Député-e,MEISSNER REYFER Christine (Christina),meissner:reyfer:christine:christina
Député-e,MERLE Emmanuelle,merle:emmanuelle
Député-e,METTAN Guy,mettan:guy
Député-e,MEYER DE STADELHOFEN Philippe,meyer:de:stadelhofen:philippe
Député-e,MONDOUX Alexandre,mondoux:alexandre
Député-e,MORONI Catherine,moroni:catherine
Député-e,NEUDER Isabelle,neuder:isabelle
Député-e,OUEDRAOGO Moustapha,ouedraogo:moustapha
Député-e,PERRET Vincent,perret:vincent
Député-e,PFEIFFER Alex,pfeiffer:alex
Député-e,PROGIN Christian,progin:christian
Député-e,PUTALLAZ Thomas,putallaz:thomas
Député-e,RASOLO Daniel,rasolo:daniel
Député-e,RUCHET Philippe,ruchet:philippe
Député-e,RYS Alexandra,rys:alexandra
Député-e,SAUDAN Guy,saudan:guy
Député-e,SAYEGH Souheil,sayegh:souheil
Député-e,SCANDURRA Alessandro,scandurra:alessandro
Député-e,SCHMIED Patrick,schmied:patrick
Député-e,SCHRAG Sylvianne,schrag:sylvianne
Député-e,SIMOES Jose,simoes:jose
Député-e,SOPI Dardan,sopi:dardan
Député-e,SQUILLACI Nicola,squillaci:nicola
Député-e,STEINBERG CANDRIAN Melinda,steinberg:candrian:melinda
Député-e,TOMASSI Christine,tomassi:christine
Député-e,TREMBLET Laurent,tremblet:laurent
Député-e,UONG Dinh Manh,uong:dinh:manh
Député-e,VÖLKI Robert,völki:robert
Député-e,VUARNOZ Emanuela (Emanuelle),vuarnoz:emanuela:emanuelle
Député-e,WEHRLI Patrick,wehrli:patrick
Député-e,ZIMMERMANN Luc,zimmermann:luc
Député-e,ZIMMERMANN Bertrand,zimmermann:bertrand
Député-e,TABOADA Francisco,taboada:francisco
Député-e,NIDEGGER Yves,nidegger:yves
Député-e,BLÄSI Thomas,bläsi:thomas
Député-e,FLOREY Stéphane,florey:stéphane
Député-e,LEYVRAZ Eric,leyvraz:eric
Député-e,FUHRMANN Marc,fuhrmann:marc
Député-e,LUSSI Patrick,lussi:patrick
Député-e,IVANOV Christo,ivanov:christo
Député-e,FALQUET Marc,falquet:marc
Député-e,MAENDLY Norbert,maendly:norbert
Député-e,PFEFFER André,pfeffer:andré
Député-e,CATELAIN Gilbert,catelain:gilbert
Député-e,HULLIGER Patrick,hulliger:patrick
Député-e,MICHAUD Eliane (ANSERMET),michaud:eliane:ansermet
Député-e,SCHERB Peter (Pierre),scherb:peter:pierre
Député-e,STARK Riccardo (Richard),stark:riccardo:richard
Député-e,GUINCHARD Damien,guinchard:damien
Député-e,BISOL Walter,bisol:walter
Député-e,MASÉ Zora,masé:zora
Député-e,VELEN François,velen:françois
Député-e,KNÖRR Stephen,knörr:stephen
Député-e,RUBELI Pascal,rubeli:pascal
Député-e,LYON Didier,lyon:didier
Député-e,PERRENOUD Philippe,perrenoud:philippe
Député-e,DUTRUIT André,dutruit:andré
Député-e,ALTENBACH Pascal,altenbach:pascal
Député-e,QUEFFÉLEC Philippe,queffélec:philippe
Député-e,LAPORTE Claude,laporte:claude
Député-e,CONTI Virna,conti:virna
Député-e,PAREL Loïc,parel:loïc
Député-e,HEDDI Leila,heddi:leila
Député-e,GOMES DE ALMEIDA José (Manuel),gomes:de:almeida:josé:manuel
Député-e,BERTINAT Marie-Agnès,bertinat:marie-agnès
Député-e,MOUNLA Alexandre,mounla:alexandre
Député-e,DOURNOW David,dournow:david
Député-e,CHAUSSIVERT Patrice,chaussivert:patrice
Député-e,KNOLL Tatiana,knoll:tatiana
Député-e,RIME Alexandre,rime:alexandre
Député-e,DESYATKINA DZODZIEV Viktoriya,desyatkina:dzodziev:viktoriya
Député-e,THOMAS Sébastien,thomas:sébastien
Député-e,ROMANENS Mathieu,romanens:mathieu
Député-e,SCHWEIZER Adriana,schweizer:adriana
Député-e,KHACHATRYAN Gohar,khachatryan:gohar
Député-e,PRANDO Stéphane,prando:stéphane
Député-e,BORER Maria Da Conceicao,borer:maria:da:conceicao
Député-e,AKABA El Mostafa,akaba:el:mostafa
Député-e,LÉGUILLON Angèle,léguillon:angèle
Député-e,BONTOUX Caroline,bontoux:caroline
Député-e,STAUFFER Eric,stauffer:eric
Député-e,ZACHARIAS Ronald,zacharias:ronald
Député-e,HONEGGER HELLER Manuela,honegger:heller:manuela
Député-e,OCHARAN ROBLES RAPAZ Eva (OCHARAN ROBLES),ocharan:robles:rapaz:eva:ocharan:robles
Député-e,DA CRUZ PEDRO Anna (DA CRUZ PERRET-GENTIL),da:cruz:pedro:anna:da:cruz:perret-gentil
Député-e,BORCARD Anne,borcard:anne
Député-e,MÜLLER Fabienne (ABRAMOVICH),müller:fabienne:abramovich
Député-e,YOL Diana,yol:diana
Député-e,RANDEGGER Alice,randegger:alice
Député-e,DEPRAETERE Graciela (DEPRAETERE-MANULIS),depraetere:graciela:depraetere-manulis
Député-e,OZDEMIR Elcim (ÖZDEMIR Elçim),ozdemir:elcim:özdemir:elçim
Député-e,RICCIARDI WERLEN Jacqueline,ricciardi:werlen:jacqueline
Député-e,ROSSIER FAHRION Cerise,rossier:fahrion:cerise
Député-e,BOSELLI GAUTHEY Monica,boselli:gauthey:monica
Député-e,LAVRADOR DIAS Claudia (DIAS),lavrador:dias:claudia:dias
Député-e,JAUCH Caroline,jauch:caroline
Député-e,GRANGE Marie-Florence,grange:marie-florence
Député-e,MAZZONI Nikita,mazzoni:nikita
Député-e,LANGER Valérie,langer:valérie
Député-e,MAYORAL EDO Corinne (MAYORAL),mayoral:edo:corinne:mayoral
Député-e,THOMIAS LEDUC Diana,thomias:leduc:diana
Député-e,ORSINI Magali,orsini:magali
Député-e,GAUTHIER Pierre,gauthier:pierre
Député-e,SARAIVA MEDEIROS Carlos,saraiva:medeiros:carlos
Député-e,SPÜHLER Pascal,spühler:pascal
Député-e,GAETANINO Marco,gaetanino:marco
Député-e,LE JEUNE GIACOBBI Cristina,le:jeune:giacobbi:cristina
Député-e,FUSCO Gerardo,fusco:gerardo
Député-e,GAMBERONI Dominique,gamberoni:dominique
Député-e,NOBS Cyril,nobs:cyril
Député-e,NOËL Daniel,noël:daniel
Député-e,PICOT Jérôme,picot:jérôme
Député-e,GALETTO Frédéric,galetto:frédéric
Député-e,BECK Victoria,beck:victoria
Député-e,ANTOINE Jean-Marc,antoine:jean-marc
Député-e,RIME Fatma (Fatima),rime:fatma:fatima
Député-e,PARANÁ JÚNIOR Valério,paraná:júnior:valério
Député-e,LOTA Raphaëlle,lota:raphaëlle
Député-e,THOMSEN Elena (MILAKOVA),thomsen:elena:milakova
Député-e,L'HUILLIER Eric,l'huillier:eric
Député-e,BALLESTEROS Stefan,ballesteros:stefan
Député-e,FABRE Jean,fabre:jean
Député-e,NGUYEN Van Minh,nguyen:van:minh
Député-e,LOEILLET-ROUZIER Anne (Marie),loeillet-rouzier:anne:marie
Député-e,MARTEL Frédéric,martel:frédéric
Député-e,FREY Priscilla,frey:priscilla
Député-e,BRKIC Vitomir,brkic:vitomir
Député-e,BISSOLI Marion (LE BACQUER),bissoli:marion:le:bacquer
Député-e,COHEN Olivier,cohen:olivier
Député-e,BRUGUIER Michel,bruguier:michel
Député-e,SOLTEIRO Jorge,solteiro:jorge
Député-e,BERLEMONT Alain,berlemont:alain
Député-e,MAIGRE Maria Inès,maigre:maria:inès
Député-e,FARINHA Horacio,farinha:horacio
Député-e,LEVY Yossef (Hai),levy:yossef:hai
Député-e,ARMAND Catherine,armand:catherine
Député-e,GUEX Stéphane (dit Guex-Pierre),guex:stéphane:guex-pierre
Député-e,HUMBERSET Corinne,humberset:corinne
Député-e,RUCKTERSTUHL Jean-Claude,ruckterstuhl:jean-claude
Député-e,LONGO Katrin,longo:katrin
Député-e,KÜDERLI BERKANE Nicole,küderli:berkane:nicole
Député-e,FLAKS Joël,flaks:joël
Député-e,PERRIN Brigitte,perrin:brigitte
Député-e,GOUDAL Renaud,goudal:renaud
Député-e,MEYNET Danielle,meynet:danielle
Député-e,MEYNET Leon,meynet:leon
Député-e,TURNOWSKY Serge,turnowsky:serge
Député-e,ZIMMERMANN Olivier,zimmermann:olivier
Député-e,CHATELAIN Dimitri,chatelain:dimitri
Député-e,VIDONNE Thierry,vidonne:thierry
Député-e,LEITNER André,leitner:andré
Député-e,FONTANA Jérôme,fontana:jérôme
Député-e,DELACQUIS Cédric,delacquis:cédric
Député-e,ZAGATO Sophie,zagato:sophie
Député-e,VIDONNE Valérie,vidonne:valérie
Député-e,FERRAND Guy,ferrand:guy
Député-e,KUNZI Nicolas,kunzi:nicolas
Député-e,KUGEL Mark,kugel:mark
Député-e,THURNHERR Laurent,thurnherr:laurent
Député-e,VIDONNE David,vidonne:david
Député-e,BEUREUX Silvain,beureux:silvain
Député-e,KUNZI Philippe,kunzi:philippe
Député-e,FADER Annette (Yasuka),fader:annette:yasuka
Député-e,THURNHERR Sylvain,thurnherr:sylvain
Député-e,BEUREUX Johan,beureux:johan
Député-e,CHRISTINAT Jean-David,christinat:jean-david
Député-e,CARLO Xavier,carlo:xavier
Député-e,HALIMI Arsim,halimi:arsim
Député-e,GARGANTINI Yves,gargantini:yves
Député-e,GOLAY Roger,golay:roger
Député-e,CERUTTI Thierry,cerutti:thierry
Député-e,VOUMARD Jean Marie,voumard:jean:marie
Député-e,LE JONCOUR-BRÜLHART Céline,le:joncour-brülhart:céline
Député-e,BÄRTSCHI François,bärtschi:françois
Député-e,PISTIS Sandro,pistis:sandro
Député-e,DEROUETTE Jean-Paul,derouette:jean-paul
Député-e,MAGNIN Danièle,magnin:danièle
Député-e,VALENTIN Francisco,valentin:francisco
Député-e,SAPIN Françoise,sapin:françoise
Député-e,FLURY Christian,flury:christian
Député-e,GOLAY Sandra,golay:sandra
Député-e,PYTHON André,python:andré
Député-e,RAPPAZ Henry,rappaz:henry
Député-e,GANDER Florian,gander:florian
Député-e,DECORVET Christian,decorvet:christian
Député-e,SONDEREGGER Gabriela,sonderegger:gabriela
Député-e,DIMIER Patrick,dimier:patrick
Député-e,FONTAINE-VIVE-CURTAZ Jean,fontaine-vive-curtaz:jean
Député-e,SAAS Alexandra,saas:alexandra
Député-e,ZOGG Thomas,zogg:thomas
Député-e,PASCARELLA Louise,pascarella:louise
Député-e,FEKKAK Hatem,fekkak:hatem
Député-e,PEYRAUD Alexandre,peyraud:alexandre
Député-e,HÄUSERMANN Elisabeth,häusermann:elisabeth
Député-e,ANGELO Antonio,angelo:antonio
Député-e,CATTIN Jean-Pascal,cattin:jean-pascal
Député-e,BARYEKA Jarek,baryeka:jarek
Député-e,REICHENBACH Kevin,reichenbach:kevin
Député-e,CHAPOU Frédéric,chapou:frédéric
Député-e,MADANI Amar,madani:amar
Député-e,LEISI Laurent,leisi:laurent
Député-e,OUDIN Rémy,oudin:rémy
Député-e,VILLETTE Jean,villette:jean
Député-e,AMBROSIO François,ambrosio:françois
Député-e,FRAUCHIGER Roger,frauchiger:roger
Député-e,DELLAGIOVANNA Daniel,dellagiovanna:daniel
Député-e,ROULIN Claude,roulin:claude
Député-e,COUTO Armando,couto:armando
Député-e,NIETO Alexandre,nieto:alexandre
Député-e,CHAOUI Laïla,chaoui:laïla
Député-e,SOTOMAYOR André,sotomayor:andré
Député-e,WALTHER Thierry,walther:thierry
Député-e,RUCHONNET Jean-François,ruchonnet:jean-françois
Député-e,DO REGO Ricardo,do:rego:ricardo
Député-e,VENDRELL Marie,vendrell:marie
Député-e,MÉNÉTREY Yasmine,ménétrey:yasmine
Député-e,ANGELOZ Claude,angeloz:claude
Député-e,LAURENT Pierre-Alain,laurent:pierre-alain
Député-e,JAHIJA Burim,jahija:burim
Député-e,DI SALVO Giuseppe,di:salvo:giuseppe
Député-e,HEIMO Philippe,heimo:philippe
Député-e,CHAPPAZ Marc,chappaz:marc
Député-e,BARRY Minkailou,barry:minkailou
Député-e,CATALAN Joëlle,catalan:joëlle
Député-e,REOLON Bruno,reolon:bruno
Député-e,ALBANESI Jean-François,albanesi:jean-françois
Député-e,KLINGELE Olivier,klingele:olivier
Député-e,BENCKER Jeanne,bencker:jeanne
Député-e,MARGUET Tex,marguet:tex
Député-e,DELMENICO Janine,delmenico:janine
Député-e,SHLYAPINA Elena,shlyapina:elena
Député-e,MUDRY Yves,mudry:yves
Député-e,GOSTOLI Gérard,gostoli:gérard
Député-e,YAU Helen,yau:helen
Député-e,INNOCENTI Flavio,innocenti:flavio
Député-e,COVER Sabina,cover:sabina
Député-e,AMBORD Cédric (Sandro),ambord:cédric:sandro
Député-e,GARCIA Javier,garcia:javier
Député-e,BELCASTRO DE LUCA Nathalie,belcastro:de:luca:nathalie
Député-e,ZBINDEN Jean-Luc,zbinden:jean-luc
Député-e,AHDAB Ahmad (Chawki),ahdab:ahmad:chawki
Député-e,BAIUNCO Aurora,baiunco:aurora
Député-e,OLIVEIRA Rui,oliveira:rui
Député-e,PASTORE Daniel (Dany),pastore:daniel:dany
Député-e,DRASKOVIC Rada,draskovic:rada
Député-e,HAYMOZ William,haymoz:william
Député-e,BESSE Muriel,besse:muriel
Député-e,NAINE Marie-Josée,naine:marie-josée
Député-e,GHARBI Mohamed,gharbi:mohamed
Député-e,LOOSLI Bertille (Clarence),loosli:bertille:clarence
Député-e,EMONET Sarah,emonet:sarah
Député-e,MÜLLER Olivier,müller:olivier
Député-e,LODDO Olivier (HENRIOUD),loddo:olivier:henrioud
Député-e,BEN CHAABANE Salah,ben:chaabane:salah
Député-e,DE OLIVEIRA NUNES Vitor,de:oliveira:nunes:vitor
Député-e,MARTIGNONI Alain,martignoni:alain
Député-e,MARÉCHAL Christophe,maréchal:christophe
Député-e,SPAGNOLO Salvatore,spagnolo:salvatore
Député-e,PIERRE TOUSSAINT Sircee,pierre:toussaint:sircee
Député-e,STEINER Christian,steiner:christian
Député-e,BEUN Christine (Kristine),beun:christine:kristine
Député-e,BISSAT Rose (Marie Angeline),bissat:rose:marie:angeline
Député-e,GUISY Milène,guisy:milène
Député-e,MARTIN Emmanuel,martin:emmanuel
Député-e,DUSSAN Julien,dussan:julien
Député-e,BONVIN Philippe,bonvin:philippe
Député-e,SAUSER Nicolas,sauser:nicolas
Député-e,RYSER Alain,ryser:alain
Député-e,MONNEY Armand,monney:armand
Député-e,GAUTROT Maria Magdalena (Marielena),gautrot:maria:magdalena:marielena
Député-e,PIGUET Frédéric (Paul),piguet:frédéric:paul
Député-e,WUARIN Marc,wuarin:marc
Député-e,SAMIM FIROUZSALARI Atefeh,samim:firouzsalari:atefeh
Député-e,BUSTAMANTE HERNANDEZ Eric,bustamante:hernandez:eric
Député-e,HAMOIR Fursy,hamoir:fursy
Député-e,PREISIG Robert,preisig:robert
Député-e,JEANMONOD Christian,jeanmonod:christian
Député-e,MEYLAN Jean Michel,meylan:jean:michel
Député-e,CORI Claudio,cori:claudio
Député-e,WITTWER Christoph,wittwer:christoph
Député-e,BESOMI Alessandro (Alex),besomi:alessandro:alex
Député-e,RITTER Sven,ritter:sven
Député-e,DUVNJAK Sanja,duvnjak:sanja
Député-e,FRAMMERY Chloe,frammery:chloe
Député-e,FOUDA AMOUGOU Charlotte,fouda:amougou:charlotte
Député-e,SCHELLER Gérard,scheller:gérard
Député-e,ROSSELLAT Blaise,rossellat:blaise
Député-e,DACHROUNE Samir,dachroune:samir
Député-e,BULT Christoph,bult:christoph
Député-e,MONSHENGWO Jessica,monshengwo:jessica
Député-e,LOPEZ Julien,lopez:julien
Député-e,FRAUDEAU Delphine,fraudeau:delphine
Député-e,ABESSE Hayet,abesse:hayet
Député-e,GOLAY Séverine,golay:séverine
Député-e,JORDAN Claude,jordan:claude
Député-e,REGAMEY Murielle,regamey:murielle
Député-e,SCHUCANI Grégoire,schucani:grégoire
Député-e,TEIXEIRA Albano,teixeira:albano
Député-e,GERARDO FÉLIZ GRUBI Ynes,gerardo:féliz:grubi:ynes
Député-e,DE MAIO Sara,de:maio:sara
Député-e,SAHIN Gazi,sahin:gazi
Député-e,HARDYN Nathalie,hardyn:nathalie
Député-e,KHATTABI HASSAR Houda,khattabi:hassar:houda
Député-e,LUPO Paolo,lupo:paolo
Député-e,GIROD Nicolas,girod:nicolas
Député-e,HÜSSY COPPEX VIVIANA XIMENA ANGHELA,hüssy:coppex:viviana:ximena:anghela
Député-e,SANTI Michel,santi:michel
