entity,value,synonyms
Depute_e,PAGANI Rémy,PAGANI:Rémy
Depute_e,WENGER Saliha,WENGER:Saliha:Salika
Depute_e,ZAUGG Christian,ZAUGG:Christian
Depute_e,HALLER Jocelyne,HALLER:Jocelyne
Depute_e,ENILINE Alexander,ENILINE:Alexander
Depute_e,CRUCHON Pablo,CRUCHON:Pablo
Depute_e,VALENTINO Stéphanie,VALENTINO:Stéphanie
Depute_e,BURGERMEISTER Jean,BURGERMEISTER:Jean
Depute_e,ECUYER Hélène,ECUYER:Hélène
Depute_e,ISSOM David-Zacharie,ISSOM:David-Zacharie
Depute_e,OSSMANN Sekna,OSSMANN:Sekna
Depute_e,NYFFELER BATOU Françoise,NYFFELER:BATOU:Françoise
Depute_e,JANUZI Bashkim,JANUZI:Bashkim
Depute_e,ECUYER Sébastien,ECUYER:Sébastien
Depute_e,OVETT BONDI Davinia,OVETT:BONDI:Davinia
Depute_e,JIMENEZ Jean-Daniel,JIMENEZ:Jean-Daniel
Depute_e,ECUYER Annick,ECUYER:Annick
Depute_e,PERADOTTO Julie,PERADOTTO:Julie
Depute_e,MANRÍQUEZ Matías,MANRÍQUEZ:Matías
Depute_e,ZEHFUS Yves,ZEHFUS:Yves
Depute_e,ZAUGG Daniel,ZAUGG:Daniel
Depute_e,PEREZ Maria,PEREZ:Maria:Lou
Depute_e,SCHNEBLI Tobias,SCHNEBLI:Tobias:Tobia
Depute_e,MISSOH DZIKUNOO Massan,MISSOH:DZIKUNOO:Massan
Depute_e,MARTENOT Aude,MARTENOT:Aude
Depute_e,VANEK Pierre,VANEK:Pierre
Depute_e,CLEMENT Patrice,CLEMENT:Patrice
Depute_e,PREZIOSO BATOU Stefania,PREZIOSO:BATOU:Stefania
Depute_e,ESAKI KABEYA Elisabeth,ESAKI:KABEYA:Elisabeth
Depute_e,LANGFORD Pia,LANGFORD:Pia
Depute_e,VINCENT Michel,VINCENT:Michel
Depute_e,RUMPCZYK Delphine,RUMPCZYK:Delphine
Depute_e,SALM DARBOE Karijn,SALM:DARBOE:Karijn
Depute_e,ANDENMATTEN David,ANDENMATTEN:David
Depute_e,SCHMID Audrey,SCHMID:Audrey
Depute_e,GUEVARA Francisco,GUEVARA:Francisco
Depute_e,BATOU Jean,BATOU:Jean
Depute_e,STEBLER GUENAT Henriette,STEBLER:GUENAT:Henriette
Depute_e,EDJEOU Corinne,EDJEOU:Corinne:BUNTSCHU
Depute_e,ZAUGG Cecilia,ZAUGG:Cecilia
Depute_e,BAUD Olivier,BAUD:Olivier
Depute_e,ZBINDEN Livia,ZBINDEN:Livia
Depute_e,ROSSEL Pascal,ROSSEL:Pascal
Depute_e,BAYENET Pierre,BAYENET:Pierre
Depute_e,BAILAT Ariane,BAILAT:Ariane
Depute_e,MAILLEFER Denise,MAILLEFER:Denise
Depute_e,MEIERHOFER MANYAGOUA BOUMTCHÉ Charlotte,MEIERHOFER:MANYAGOUA:BOUMTCHÉ:Charlotte
Depute_e,BLANCHET Marjo,BLANCHET:Marjo
Depute_e,MARTI Werner,MARTI:Werner
Depute_e,KHAOUCHI Corinne,KHAOUCHI:Corinne
Depute_e,BOLAY ROBIN Stéphanie,BOLAY:ROBIN:Stéphanie
Depute_e,BLANCO Luis,BLANCO:Luis
Depute_e,MAMIN François,MAMIN:François
Depute_e,DE MELO MARCELINO Amélia,DE:MELO:MARCELINO:Amélia
Depute_e,BOUZID Mohamed,BOUZID:Mohamed
Depute_e,BOUJEMAA Sanae,BOUJEMAA:Sanae
Depute_e,GALLAND Eduardo,GALLAND:Eduardo
Depute_e,JELK Andrée,JELK:Andrée:JELK-PEILA
Depute_e,CASTRO Gloria,CASTRO:Gloria
Depute_e,CAMELO Alfredo,CAMELO:Alfredo
Depute_e,NOETZLIN Simon,NOETZLIN:Simon
Depute_e,DURAKU Fitore,DURAKU:Fitore
Depute_e,DURAKU Edon,DURAKU:Edon
Depute_e,FERREIRA Elisabeth,FERREIRA:Elisabeth
Depute_e,CHRISTINAT Jean-David,CHRISTINAT:Jean-David
Depute_e,GERARDO FÉLIZ GRUBI Ynes,GERARDO:FÉLIZ:GRUBI:Ynes
Depute_e,CARLO Xavier,CARLO:Xavier
Depute_e,SAHIN Gazi,SAHIN:Gazi
Depute_e,HODGERS Antonio,HODGERS:Antonio
Depute_e,DE CHASTONAY Marjorie,DE:CHASTONAY:Marjorie
Depute_e,ROCHAT Yvan,ROCHAT:Yvan
Depute_e,PERLER Frédérique,PERLER:Frédérique
Depute_e,BUSCHBECK Mathias,BUSCHBECK:Mathias
Depute_e,LEFORT François,LEFORT:François
Depute_e,LEONELLI Katia,LEONELLI:Katia
Depute_e,MACCHIAVELLI Marta,MACCHIAVELLI:Marta:Marta:Julia
Depute_e,MAKOSSO William,MAKOSSO:William
Depute_e,MARTIN David,MARTIN:David
Depute_e,MÜLLER SONTAG Corinne,MÜLLER:SONTAG:Corinne
Depute_e,NICOLET-DIT-FELIX Julien,NICOLET-DIT-FELIX:Julien
Depute_e,NOËL Philippe,NOËL:Philippe
Depute_e,ORIOLO Alessandra,ORIOLO:Alessandra
Depute_e,OZTÜRK Dilara,OZTÜRK:Dilara
Depute_e,PASQUIER Isabelle,PASQUIER:Isabelle:PASQUIER-EICHENBERGER
Depute_e,POGET Philippe,POGET:Philippe
Depute_e,QUIJANO GARCIA Maria,QUIJANO:GARCIA:Maria:Maria:José
Depute_e,RODRIGUEZ Mario,RODRIGUEZ:Mario
Depute_e,ROGG Catharina,ROGG:Catharina:Olowine
Depute_e,ROSSIAUD Jean,ROSSIAUD:Jean
Depute_e,SAA BAUD Yubitza,SAA:BAUD:Yubitza
Depute_e,SCHALK Antoine,SCHALK:Antoine
Depute_e,SCHAUFELBERGER Esther,SCHAUFELBERGER:Esther
Depute_e,SORDET Adrienne,SORDET:Adrienne
Depute_e,TALEGHANI Majid,TALEGHANI:Majid
Depute_e,TCHAMKERTEN Jolanka,TCHAMKERTEN:Jolanka
Depute_e,TIGUEMOUNINE Sabine,TIGUEMOUNINE:Sabine
Depute_e,TINGUELY Dominique,TINGUELY:Dominique
Depute_e,TSCHUDI Paloma,TSCHUDI:Paloma
Depute_e,VAN WOERDEN Wendy,VAN:WOERDEN:Wendy
Depute_e,VEIGA ARIAS Damian,VEIGA:ARIAS:Damian:VEIGA:LÖFFEL
Depute_e,WISARD PRADO Leyma,WISARD:PRADO:Leyma
Depute_e,YUNUS EBENER Mariam,YUNUS:EBENER:Mariam:Maryam
Depute_e,AMATO Maurice,AMATO:Maurice
Depute_e,AMSELLEM Benedicte,AMSELLEM:Benedicte:AMSELLEM-OSSIPOW
Depute_e,ARDIZZONE Ivan,ARDIZZONE:Ivan
Depute_e,AZZABI Omar,AZZABI:Omar
Depute_e,BÄNZIGER Ruth,BÄNZIGER:Ruth
Depute_e,BARCIELA VILLAR Ana,BARCIELA:VILLAR:Ana
Depute_e,BAVAREL Christian,BAVAREL:Christian
Depute_e,BOCCARD Damien,BOCCARD:Damien:Damien:Baptiste
Depute_e,BONNY Didier,BONNY:Didier
Depute_e,BONVIN BONFANTI Anne,BONVIN:BONFANTI:Anne
Depute_e,BUCHER Denis,BUCHER:Denis
Depute_e,BUENZOD Christian,BUENZOD:Christian
Depute_e,BUI Aurore,BUI:Aurore
Depute_e,CABITZA Marina,CABITZA:Marina
Depute_e,CALAME Boris,CALAME:Boris
Depute_e,CALAME Fabrice,CALAME:Fabrice
Depute_e,CHAUDIEU Anne,CHAUDIEU:Anne
Depute_e,CONCHA Celtia,CONCHA:Celtia
Depute_e,CORPATAUX Laurence,CORPATAUX:Laurence
Depute_e,DALPHIN Marc,DALPHIN:Marc
Depute_e,DE FELICE Nicolas,DE:FELICE:Nicolas
Depute_e,DE MAIO Sara,DE:MAIO:Sara
Depute_e,DE MATTEIS Yves,DE:MATTEIS:Yves
Depute_e,DE ROUGEMONT Philippe,DE:ROUGEMONT:Philippe
Depute_e,DESBIOLLES Sophie,DESBIOLLES:Sophie
Depute_e,DESCOMBES Isabelle,DESCOMBES:Isabelle
Depute_e,DUJOUX Valentin,DUJOUX:Valentin
Depute_e,DUPUIS Renaud,DUPUIS:Renaud
Depute_e,EBENER Christophe,EBENER:Christophe
Depute_e,ECKERT Pierre,ECKERT:Pierre
Depute_e,FISCHER Fabienne,FISCHER:Fabienne
Depute_e,FREYMOND Pascal,FREYMOND:Pascal
Depute_e,GEOFFROY Elias,GEOFFROY:Elias
Depute_e,GOMEZ Alfonso,GOMEZ:Alfonso
Depute_e,HAAS François,HAAS:François
Depute_e,HARTMANN Esther,HARTMANN:Esther
Depute_e,HEBERLEIN SIMONETT Claudia,HEBERLEIN:SIMONETT:Claudia
Depute_e,HERREN Yves,HERREN:Yves
Depute_e,KHAMIS VANNINI Uzma,KHAMIS:VANNINI:Uzma
Depute_e,KLOPFENSTEIN BROGGINI Delphine,KLOPFENSTEIN:BROGGINI:Delphine
Depute_e,KÜNDIG Ralph,KÜNDIG:Ralph
Depute_e,LATOUR Sabine,LATOUR:Sabine
Depute_e,EMERY-TORRACINTA Anne,EMERY-TORRACINTA:Anne
Depute_e,APOTHÉLOZ Thierry,APOTHÉLOZ:Thierry
Depute_e,SALERNO Sandrine,SALERNO:Sandrine
Depute_e,DE SAINTE-MARIE Romain,DE:SAINTE-MARIE:Romain
Depute_e,KAST Carole-Anne,KAST:Carole-Anne
Depute_e,WENGER Thomas,WENGER:Thomas
Depute_e,MARTI Caroline,MARTI:Caroline
Depute_e,BANDLER Marko,BANDLER:Marko
Depute_e,MOYARD MIZRAHI Salima,MOYARD:MIZRAHI:Salima
Depute_e,DANDRÈS Christian,DANDRÈS:Christian
Depute_e,VERISSIMO DE FREITAS Helena,VERISSIMO:DE:FREITAS:Helena
Depute_e,CARASSO Grégoire,CARASSO:Grégoire
Depute_e,SOBANEK Marion,SOBANEK:Marion
Depute_e,THÉVOZ Sylvain,THÉVOZ:Sylvain
Depute_e,CONTI Jennifer,CONTI:Jennifer
Depute_e,STAUB Martin,STAUB:Martin
Depute_e,VALIQUER GRECUCCIO Nicole,VALIQUER:GRECUCCIO:Nicole
Depute_e,RIELLE Jean Charles,RIELLE:Jean:Charles
Depute_e,GAVILANES Amanda,GAVILANES:Amanda
Depute_e,MIZRAHI Cyril,MIZRAHI:Cyril
Depute_e,CASARES Maria Jesus,CASARES:Maria:Jesus
Depute_e,POMATTO Michel,POMATTO:Michel
Depute_e,STRASSER Léna,STRASSER:Léna
Depute_e,KOKOT Guilhem,KOKOT:Guilhem
Depute_e,ROMANO Maria,ROMANO:Maria:Maria:Vittoria
Depute_e,MUSSA Ahmed,MUSSA:Ahmed:Youniss
Depute_e,OSMANI Xhevrie,OSMANI:Xhevrie
Depute_e,ESTEBAN Diego,ESTEBAN:Diego
Depute_e,BAILLON Glenna,BAILLON:Glenna
Depute_e,EYA NCHAMA Cruz Melchor,EYA:NCHAMA:Cruz:Melchor
Depute_e,BRANDRUP Gladys,BRANDRUP:Gladys:ACOSTA:BRANDRUP
Depute_e,CHIARADONNA Denis,CHIARADONNA:Denis
Depute_e,LÜTHI Badia,LÜTHI:Badia
Depute_e,CLEMENCE Nicolas,CLEMENCE:Nicolas
Depute_e,VATRE Patricia,VATRE:Patricia
Depute_e,ZIMMERMANN Michel,ZIMMERMANN:Michel
Depute_e,VIRET Dora,VIRET:Dora:Cécilia
Depute_e,VELASCO Alberto,VELASCO:Alberto
Depute_e,FABRE Michel,FABRE:Michel
Depute_e,DE BATTISTA Regis,DE:BATTISTA:Regis
Depute_e,DEONNA Emmanuel,DEONNA:Emmanuel
Depute_e,TOMBOLA Jean-Pierre,TOMBOLA:Jean-Pierre
Depute_e,KEEL Theo,KEEL:Theo
Depute_e,LAPALUD Patrick,LAPALUD:Patrick
Depute_e,BARRY Thierno,BARRY:Thierno
Depute_e,HALIMI Hysri,HALIMI:Hysri
Depute_e,GAJARDO MUNOZ Jorge,GAJARDO:MUNOZ:Jorge
Depute_e,ALONSO UNICA Manuel,ALONSO:UNICA:Manuel
Depute_e,BALDINI Frédéric,BALDINI:Frédéric
Depute_e,BRUCHEZ Thomas,BRUCHEZ:Thomas
Depute_e,BENDA Benjamin,BENDA:Benjamin
Depute_e,BURKHARD Roland,BURKHARD:Roland
Depute_e,BOSSHARD Pierre Yves,BOSSHARD:Pierre:Yves
Depute_e,KURTESHI Ismet,KURTESHI:Ismet
Depute_e,MAUDET Pierre,MAUDET:Pierre
Depute_e,FONTANET Nathalie,FONTANET:Nathalie
Depute_e,DE SENARCLENS Alexandre,DE:SENARCLENS:Alexandre
Depute_e,DE MONTMOLLIN Simone,DE:MONTMOLLIN:Simone
Depute_e,MOREL Philippe,MOREL:Philippe
Depute_e,PUTALLAZ Jean,PUTALLAZ:Jean:Jean:ROMAIN
Depute_e,SAUDAN Patrick,SAUDAN:Patrick
Depute_e,SELLEGER Charles,SELLEGER:Charles
Depute_e,UEHLINGER Pascal,UEHLINGER:Pascal
Depute_e,VUILLOD Georges,VUILLOD:Georges
Depute_e,WICKY Raymond,WICKY:Raymond
Depute_e,ZUBER Céline,ZUBER:Céline:ROY
Depute_e,ZWEIFEL Yvan,ZWEIFEL:Yvan
Depute_e,AELLEN Cyril,AELLEN:Cyril
Depute_e,ALDER Murat Julian,ALDER:Murat:Julian
Depute_e,BARBEY Alexis,BARBEY:Alexis
Depute_e,BARDE Antoine,BARDE:Antoine
Depute_e,BÉNÉ Jacques,BÉNÉ:Jacques
Depute_e,DE CANDOLLE Beatriz,DE:CANDOLLE:Beatriz
Depute_e,CONNE Pierre,CONNE:Pierre
Depute_e,CUENDET Edouard,CUENDET:Edouard
Depute_e,HARDYN Nathalie,HARDYN:Nathalie
Depute_e,HILTPOLD Serge,HILTPOLD:Serge
Depute_e,MALEK-ASGHAR Patrick,MALEK-ASGHAR:Patrick
Depute_e,MONBARON Fabienne,MONBARON:Fabienne:MONBARON-STRESS
Depute_e,MORAND Louise,MORAND:Louise
Depute_e,NICOLLIER Pierre,NICOLLIER:Pierre
Depute_e,OPPLIGER Danielle,OPPLIGER:Danielle
Depute_e,ORSINI Antoine,ORSINI:Antoine
Depute_e,PASQUIER Jean-Pierre,PASQUIER:Jean-Pierre
Depute_e,PATEK Serge,PATEK:Serge
Depute_e,DE PLANTA Francine,DE:PLANTA:Francine
Depute_e,RANA ZOLANA Ginior,RANA:ZOLANA:Ginior
Depute_e,RIGOTTI Maria,RIGOTTI:Maria:Helena
Depute_e,ROULLET Michèle,ROULLET:Michèle
Depute_e,SCHALLER Vincent,SCHALLER:Vincent
Depute_e,SCHNEEBELI Roland-Daniel,SCHNEEBELI:Roland-Daniel
Depute_e,SENGLET Christophe,SENGLET:Christophe
Depute_e,SERRANO Philippe,SERRANO:Philippe
Depute_e,SOMMER Monika,SOMMER:Monika
Depute_e,STEINER Matthieu,STEINER:Matthieu
Depute_e,SUBILIA Vincent,SUBILIA:Vincent
Depute_e,TABOADA Francisco,TABOADA:Francisco
Depute_e,TSCHOPP Laurent,TSCHOPP:Laurent
Depute_e,WAVRE Rolin,WAVRE:Rolin
Depute_e,WICKI Guy,WICKI:Guy
Depute_e,WOLFISBERG François,WOLFISBERG:François
Depute_e,AGRAMUNT Gian-Reto,AGRAMUNT:Gian-Reto
Depute_e,APOTHÉLOZ Jacques,APOTHÉLOZ:Jacques
Depute_e,AUBERT Nicolas,AUBERT:Nicolas
Depute_e,BARBIER-MUELLER Diane,BARBIER-MUELLER:Diane
Depute_e,BELLINGERI Stefano Vito,BELLINGERI:Stefano:Vito
Depute_e,BERSIER Julie,BERSIER:Julie
Depute_e,BLANCH Richard-Pascal,BLANCH:Richard-Pascal:Pascal
Depute_e,BÖHLER Frances,BÖHLER:Frances:BÖHLER-GOODSHIP:Elizabeth
Depute_e,BOUVIER Christine,BOUVIER:Christine
Depute_e,BRANDT Simon,BRANDT:Simon
Depute_e,BRON Gilles-Olivier,BRON:Gilles-Olivier
Depute_e,BRUNEL Mayori,BRUNEL:Mayori
Depute_e,BURRI Rémy,BURRI:Rémy
Depute_e,CORNU Renate,CORNU:Renate
Depute_e,CREFFIELD Conrad,CREFFIELD:Conrad
Depute_e,DAHER Vincent,DAHER:Vincent
Depute_e,DÉROBERT Thierry,DÉROBERT:Thierry
Depute_e,DESFAYES Natacha,DESFAYES:Natacha:BUFFET-DESFAYES
Depute_e,DOUZALS Jacques,DOUZALS:Jacques
Depute_e,FISS Joëlle,FISS:Joëlle
Depute_e,GENECAND Adrien,GENECAND:Adrien
Depute_e,GIACOBINO Donata,GIACOBINO:Donata:GIACOBINO-FROIDEVAUX:Nadia
Depute_e,GRAND Eric,GRAND:Eric
Depute_e,GROGNUZ Fabien,GROGNUZ:Fabien
Depute_e,JAY Sylvie,JAY:Sylvie
Depute_e,JUD Philippe,JUD:Philippe
Depute_e,KÄMPFEN Véronique,KÄMPFEN:Véronique
Depute_e,LÄMMEL Valérie,LÄMMEL:Valérie:LAEMMEL-JUILLARD
Depute_e,LEISER Jean-Marc,LEISER:Jean-Marc
Depute_e,LOCHER Jean,LOCHER:Jean
Depute_e,LUZZATTO Christine,LUZZATTO:Christine
Depute_e,MESSERLI Marie-Claire,MESSERLI:Marie-Claire
Depute_e,MEYER Philippe,MEYER:Philippe
Depute_e,BARTHASSAT Luc,BARTHASSAT:Luc
Depute_e,DAL BUSCO Serge,DAL:BUSCO:Serge
Depute_e,BUCHS Bertrand,BUCHS:Bertrand
Depute_e,AEBI Benjamin,AEBI:Benjamin
Depute_e,ANGELOZZI Philippe,ANGELOZZI:Philippe
Depute_e,VON ARX-VERNON Anne-Marie,VON:ARX-VERNON:Anne-Marie
Depute_e,BACHMANN Delphine,BACHMANN:Delphine
Depute_e,BIDAUX Patricia,BIDAUX:Patricia:BIDAUX-RODRIGUEZ
Depute_e,BLONDIN Jacques,BLONDIN:Jacques
Depute_e,BOCQUET Claude,BOCQUET:Claude
Depute_e,BOURBALA Djamel,BOURBALA:Djamel
Depute_e,BOUVIER Jérémy,BOUVIER:Jérémy
Depute_e,BUGNION Jean-Michel,BUGNION:Jean-Michel
Depute_e,CASUTT Martine,CASUTT:Martine
Depute_e,CERUTTI Olivier,CERUTTI:Olivier
Depute_e,CHAKER MANGEAT Alia,CHAKER:MANGEAT:Alia
Depute_e,CHEVALIER Alexandre,CHEVALIER:Alexandre
Depute_e,DECREY Christophe,DECREY:Christophe
Depute_e,DELUERMOZ Cosima,DELUERMOZ:Cosima
Depute_e,DESFAYES Sébastien,DESFAYES:Sébastien
Depute_e,DULEX Christophe,DULEX:Christophe
Depute_e,DUPONT Thérèse,DUPONT:Thérèse
Depute_e,ENGELBERTS Marie-Thérèse,ENGELBERTS:Marie-Thérèse:ENGELBERTS-LEONE
Depute_e,FISCHER Daniel,FISCHER:Daniel
Depute_e,FORNI Jean-Luc,FORNI:Jean-Luc
Depute_e,FOURNIER Nicolas,FOURNIER:Nicolas
Depute_e,FRISCHKNECHT Catherine,FRISCHKNECHT:Catherine
Depute_e,GACHE Hélène,GACHE:Hélène
Depute_e,GASHI Sami,GASHI:Sami
Depute_e,GIANNASI Anthony,GIANNASI:Anthony
Depute_e,GIANNELLI Mark,GIANNELLI:Mark
Depute_e,GIORIA Gaëlle,GIORIA:Gaëlle
Depute_e,GUINCHARD Jean-Marc,GUINCHARD:Jean-Marc
Depute_e,DE KALBERMATTEN Alain,DE:KALBERMATTEN:Alain
Depute_e,KHATTABI HASSAR Houda,KHATTABI:HASSAR:Houda
Depute_e,KUNZ Laurence,KUNZ:Laurence
Depute_e,LANCE François,LANCE:François
Depute_e,LATHION Jean Charles,LATHION:Jean:Charles
Depute_e,LEHNER Laurent,LEHNER:Laurent
Depute_e,LUPO Paolo,LUPO:Paolo
Depute_e,MAGNIN Xavier,MAGNIN:Xavier
Depute_e,MAGNIN Yves,MAGNIN:Yves
Depute_e,MAITRE Vincent,MAITRE:Vincent
Depute_e,MAKKI Michela,MAKKI:Michela:Michèle
Depute_e,MEISSNER REYFER Christine,MEISSNER:REYFER:Christine:Christina
Depute_e,MERLE Emmanuelle,MERLE:Emmanuelle
Depute_e,METTAN Guy,METTAN:Guy
Depute_e,MEYER DE STADELHOFEN Philippe,MEYER:DE:STADELHOFEN:Philippe
Depute_e,MONDOUX Alexandre,MONDOUX:Alexandre
Depute_e,MORONI Catherine,MORONI:Catherine
Depute_e,NEUDER Isabelle,NEUDER:Isabelle
Depute_e,OUEDRAOGO Moustapha,OUEDRAOGO:Moustapha
Depute_e,PERRET Vincent,PERRET:Vincent
Depute_e,PFEIFFER Alex,PFEIFFER:Alex
Depute_e,PROGIN Christian,PROGIN:Christian
Depute_e,PUTALLAZ Thomas,PUTALLAZ:Thomas
Depute_e,RASOLO Daniel,RASOLO:Daniel
Depute_e,RUCHET Philippe,RUCHET:Philippe
Depute_e,RYS Alexandra,RYS:Alexandra
Depute_e,SAUDAN Guy,SAUDAN:Guy
Depute_e,SAYEGH Souheil,SAYEGH:Souheil
Depute_e,SCANDURRA Alessandro,SCANDURRA:Alessandro
Depute_e,SCHMIED Patrick,SCHMIED:Patrick
Depute_e,SCHRAG Sylvianne,SCHRAG:Sylvianne
Depute_e,SIMOES Jose,SIMOES:Jose
Depute_e,SOPI Dardan,SOPI:Dardan
Depute_e,SQUILLACI Nicola,SQUILLACI:Nicola
Depute_e,STEINBERG CANDRIAN Melinda,STEINBERG:CANDRIAN:Melinda
Depute_e,TOMASSI Christine,TOMASSI:Christine
Depute_e,TREMBLET Laurent,TREMBLET:Laurent
Depute_e,UONG Dinh Manh,UONG:Dinh:Manh
Depute_e,VÖLKI Robert,VÖLKI:Robert
Depute_e,VUARNOZ Emanuela,VUARNOZ:Emanuela:Emanuelle
Depute_e,WEHRLI Patrick,WEHRLI:Patrick
Depute_e,ZIMMERMANN Luc,ZIMMERMANN:Luc
Depute_e,ZIMMERMANN Bertrand,ZIMMERMANN:Bertrand
Depute_e,NIDEGGER Yves,NIDEGGER:Yves
Depute_e,BLÄSI Thomas,BLÄSI:Thomas
Depute_e,FLOREY Stéphane,FLOREY:Stéphane
Depute_e,LEYVRAZ Eric,LEYVRAZ:Eric
Depute_e,FUHRMANN Marc,FUHRMANN:Marc
Depute_e,LUSSI Patrick,LUSSI:Patrick
Depute_e,IVANOV Christo,IVANOV:Christo
Depute_e,FALQUET Marc,FALQUET:Marc
Depute_e,MAENDLY Norbert,MAENDLY:Norbert
Depute_e,PFEFFER André,PFEFFER:André
Depute_e,CATELAIN Gilbert,CATELAIN:Gilbert
Depute_e,HULLIGER Patrick,HULLIGER:Patrick
Depute_e,MICHAUD Eliane,MICHAUD:Eliane:ANSERMET
Depute_e,SCHERB Peter,SCHERB:Peter:Pierre
Depute_e,STARK Riccardo,STARK:Riccardo:Richard
Depute_e,GUINCHARD Damien,GUINCHARD:Damien
Depute_e,BISOL Walter,BISOL:Walter
Depute_e,MASÉ Zora,MASÉ:Zora
Depute_e,VELEN François,VELEN:François
Depute_e,KNÖRR Stephen,KNÖRR:Stephen
Depute_e,RUBELI Pascal,RUBELI:Pascal
Depute_e,LYON Didier,LYON:Didier
Depute_e,PERRENOUD Philippe,PERRENOUD:Philippe
Depute_e,DUTRUIT André,DUTRUIT:André
Depute_e,ALTENBACH Pascal,ALTENBACH:Pascal
Depute_e,QUEFFÉLEC Philippe,QUEFFÉLEC:Philippe
Depute_e,LAPORTE Claude,LAPORTE:Claude
Depute_e,CONTI Virna,CONTI:Virna
Depute_e,PAREL Loïc,PAREL:Loïc
Depute_e,HEDDI Leila,HEDDI:Leila
Depute_e,GOMES DE ALMEIDA José,GOMES:DE:ALMEIDA:José:Manuel
Depute_e,BERTINAT Marie-Agnès,BERTINAT:Marie-Agnès
Depute_e,MOUNLA Alexandre,MOUNLA:Alexandre
Depute_e,DOURNOW David,DOURNOW:David
Depute_e,CHAUSSIVERT Patrice,CHAUSSIVERT:Patrice
Depute_e,KNOLL Tatiana,KNOLL:Tatiana
Depute_e,RIME Alexandre,RIME:Alexandre
Depute_e,DESYATKINA DZODZIEV Viktoriya,DESYATKINA:DZODZIEV:Viktoriya
Depute_e,THOMAS Sébastien,THOMAS:Sébastien
Depute_e,ROMANENS Mathieu,ROMANENS:Mathieu
Depute_e,SCHWEIZER Adriana,SCHWEIZER:Adriana
Depute_e,KHACHATRYAN Gohar,KHACHATRYAN:Gohar
Depute_e,PRANDO Stéphane,PRANDO:Stéphane
Depute_e,BORER Maria Da Conceicao,BORER:Maria:Da:Conceicao
Depute_e,AKABA El Mostafa,AKABA:El:Mostafa
Depute_e,LÉGUILLON Angèle,LÉGUILLON:Angèle
Depute_e,BONTOUX Caroline,BONTOUX:Caroline
Depute_e,HONEGGER HELLER Manuela,HONEGGER:HELLER:Manuela
Depute_e,OCHARAN ROBLES RAPAZ Eva,OCHARAN:ROBLES:RAPAZ:Eva:OCHARAN:ROBLES
Depute_e,DA CRUZ PEDRO Anna,DA:CRUZ:PEDRO:Anna:DA:CRUZ:PERRET-GENTIL
Depute_e,BORCARD Anne,BORCARD:Anne
Depute_e,MÜLLER Fabienne,MÜLLER:Fabienne:ABRAMOVICH
Depute_e,YOL Diana,YOL:Diana
Depute_e,RANDEGGER Alice,RANDEGGER:Alice
Depute_e,DEPRAETERE Graciela,DEPRAETERE:Graciela:DEPRAETERE-MANULIS
Depute_e,OZDEMIR Elcim,OZDEMIR:Elcim:ÖZDEMIR:Elçim
Depute_e,RICCIARDI WERLEN Jacqueline,RICCIARDI:WERLEN:Jacqueline
Depute_e,ROSSIER FAHRION Cerise,ROSSIER:FAHRION:Cerise
Depute_e,BOSELLI GAUTHEY Monica,BOSELLI:GAUTHEY:Monica
Depute_e,LAVRADOR DIAS Claudia,LAVRADOR:DIAS:Claudia:DIAS
Depute_e,JAUCH Caroline,JAUCH:Caroline
Depute_e,GRANGE Marie-Florence,GRANGE:Marie-Florence
Depute_e,MAZZONI Nikita,MAZZONI:Nikita
Depute_e,LANGER Valérie,LANGER:Valérie
Depute_e,MAYORAL EDO Corinne,MAYORAL:EDO:Corinne:MAYORAL
Depute_e,THOMIAS LEDUC Diana,THOMIAS:LEDUC:Diana
Depute_e,ORSINI Magali,ORSINI:Magali
Depute_e,GAUTHIER Pierre,GAUTHIER:Pierre
Depute_e,ARMAND Catherine,ARMAND:Catherine
Depute_e,GUEX Stéphane,GUEX:Stéphane:dit:Guex-Pierre
Depute_e,HUMBERSET Corinne,HUMBERSET:Corinne
Depute_e,RUCKTERSTUHL Jean-Claude,RUCKTERSTUHL:Jean-Claude
Depute_e,LONGO Katrin,LONGO:Katrin
Depute_e,GIROD Nicolas,GIROD:Nicolas
Depute_e,KÜDERLI BERKANE Nicole,KÜDERLI:BERKANE:Nicole
Depute_e,FLAKS Joël,FLAKS:Joël
Depute_e,PERRIN Brigitte,PERRIN:Brigitte
Depute_e,GOUDAL Renaud,GOUDAL:Renaud
Depute_e,MEYNET Danielle,MEYNET:Danielle
Depute_e,MEYNET Leon,MEYNET:Leon
Depute_e,TURNOWSKY Serge,TURNOWSKY:Serge
Depute_e,ZIMMERMANN Olivier,ZIMMERMANN:Olivier
Depute_e,CHATELAIN Dimitri,CHATELAIN:Dimitri
Depute_e,STAUFFER Eric,STAUFFER:Eric
Depute_e,ZACHARIAS Ronald,ZACHARIAS:Ronald
Depute_e,SARAIVA MEDEIROS Carlos,SARAIVA:MEDEIROS:Carlos
Depute_e,SPÜHLER Pascal,SPÜHLER:Pascal
Depute_e,GAETANINO Marco,GAETANINO:Marco
Depute_e,LE JEUNE GIACOBBI Cristina,LE:JEUNE:GIACOBBI:Cristina
Depute_e,WALTHER Thierry,WALTHER:Thierry
Depute_e,HÜSSY COPPEX Viviana Ximena Anghela,HÜSSY:COPPEX:Viviana:Ximena:Anghela
Depute_e,LOEILLET-ROUZIER Anne,LOEILLET-ROUZIER:Anne:Marie
Depute_e,FUSCO Gerardo,FUSCO:Gerardo
Depute_e,GAMBERONI Dominique,GAMBERONI:Dominique
Depute_e,NOBS Cyril,NOBS:Cyril
Depute_e,NOËL Daniel,NOËL:Daniel
Depute_e,SANTI Michel,SANTI:Michel
Depute_e,PICOT Jérôme,PICOT:Jérôme
Depute_e,RUCHONNET Jean-François,RUCHONNET:Jean-François
Depute_e,GALETTO Frédéric,GALETTO:Frédéric
Depute_e,BECK Victoria,BECK:Victoria
Depute_e,ANTOINE Jean-Marc,ANTOINE:Jean-Marc
Depute_e,RIME Fatma,RIME:Fatma:Fatima
Depute_e,L'HUILLIER Eric,L'HUILLIER:Eric
Depute_e,PARANÁ JÚNIOR Valério,PARANÁ:JÚNIOR:Valério
Depute_e,LOTA Raphaëlle,LOTA:Raphaëlle
Depute_e,THOMSEN Elena,THOMSEN:Elena:MILAKOVA
Depute_e,BALLESTEROS Stefan,BALLESTEROS:Stefan
Depute_e,FABRE Jean,FABRE:Jean
Depute_e,NGUYEN Van Minh,NGUYEN:Van:Minh
Depute_e,MARTEL Frédéric,MARTEL:Frédéric
Depute_e,FREY Priscilla,FREY:Priscilla
Depute_e,BRKIC Vitomir,BRKIC:Vitomir
Depute_e,LEVY Yossef,LEVY:Yossef:Hai
Depute_e,BISSOLI Marion,BISSOLI:Marion:LE:BACQUER
Depute_e,COHEN Olivier,COHEN:Olivier
Depute_e,BRUGUIER Michel,BRUGUIER:Michel
Depute_e,SOLTEIRO Jorge,SOLTEIRO:Jorge
Depute_e,HALIMI Arsim,HALIMI:Arsim
Depute_e,BERLEMONT Alain,BERLEMONT:Alain
Depute_e,GARGANTINI Yves,GARGANTINI:Yves
Depute_e,MAIGRE Maria Inès,MAIGRE:Maria:Inès
Depute_e,FARINHA Horacio,FARINHA:Horacio
Depute_e,VIDONNE Thierry,VIDONNE:Thierry
Depute_e,LEITNER André,LEITNER:André
Depute_e,DELACQUIS Cédric,DELACQUIS:Cédric
Depute_e,ZAGATO Sophie,ZAGATO:Sophie
Depute_e,VIDONNE Valérie,VIDONNE:Valérie
Depute_e,FERRAND Guy,FERRAND:Guy
Depute_e,KUNZI Nicolas,KUNZI:Nicolas
Depute_e,KUGEL Mark,KUGEL:Mark
Depute_e,THURNHERR Laurent,THURNHERR:Laurent
Depute_e,VIDONNE David,VIDONNE:David
Depute_e,BEUREUX Silvain,BEUREUX:Silvain
Depute_e,KUNZI Philippe,KUNZI:Philippe
Depute_e,FADER Annette,FADER:Annette:Yasuka
Depute_e,THURNHERR Sylvain,THURNHERR:Sylvain
Depute_e,BEUREUX Johan,BEUREUX:Johan
Depute_e,POGGIA Mauro,POGGIA:Mauro
Depute_e,GOLAY Roger,GOLAY:Roger
Depute_e,ROCH Ana Belen,ROCH:Ana:Belen
Depute_e,SORMANNI Daniel,SORMANNI:Daniel
Depute_e,CERUTTI Thierry,CERUTTI:Thierry
Depute_e,VOUMARD Jean Marie,VOUMARD:Jean:Marie
Depute_e,LE JONCOUR-BRÜLHART Céline,LE:JONCOUR-BRÜLHART:Céline
Depute_e,BÄRTSCHI François,BÄRTSCHI:François
Depute_e,PISTIS Sandro,PISTIS:Sandro
Depute_e,DEROUETTE Jean-Paul,DEROUETTE:Jean-Paul
Depute_e,MAGNIN Danièle,MAGNIN:Danièle
Depute_e,VALENTIN Francisco,VALENTIN:Francisco
Depute_e,SAPIN Françoise,SAPIN:Françoise
Depute_e,FLURY Christian,FLURY:Christian
Depute_e,GOLAY Sandra,GOLAY:Sandra
Depute_e,PYTHON André,PYTHON:André
Depute_e,RAPPAZ Henry,RAPPAZ:Henry
Depute_e,GANDER Florian,GANDER:Florian
Depute_e,DECORVET Christian,DECORVET:Christian
Depute_e,SONDEREGGER Gabriela,SONDEREGGER:Gabriela
Depute_e,DIMIER Patrick,DIMIER:Patrick
Depute_e,FONTAINE-VIVE-CURTAZ Jean,FONTAINE-VIVE-CURTAZ:Jean
Depute_e,SAAS Alexandra,SAAS:Alexandra
Depute_e,ZOGG Thomas,ZOGG:Thomas
Depute_e,PASCARELLA Louise,PASCARELLA:Louise
Depute_e,FEKKAK Hatem,FEKKAK:Hatem
Depute_e,ANGELO Antonio,ANGELO:Antonio
Depute_e,CATTIN Jean-Pascal,CATTIN:Jean-Pascal
Depute_e,BARYEKA Jarek,BARYEKA:Jarek
Depute_e,REICHENBACH Kevin,REICHENBACH:Kevin
Depute_e,CHAPOU Frédéric,CHAPOU:Frédéric
Depute_e,MADANI Amar,MADANI:Amar
Depute_e,LEISI Laurent,LEISI:Laurent
Depute_e,OUDIN Rémy,OUDIN:Rémy
Depute_e,VILLETTE Jean,VILLETTE:Jean
Depute_e,AMBROSIO François,AMBROSIO:François
Depute_e,TEIXEIRA Albano,TEIXEIRA:Albano
Depute_e,FRAUCHIGER Roger,FRAUCHIGER:Roger
Depute_e,DELLAGIOVANNA Daniel,DELLAGIOVANNA:Daniel
Depute_e,ROULIN Claude,ROULIN:Claude
Depute_e,COUTO Armando,COUTO:Armando
Depute_e,NIETO Alexandre,NIETO:Alexandre
Depute_e,CHAOUI Laïla,CHAOUI:Laïla
Depute_e,SOTOMAYOR André,SOTOMAYOR:André
Depute_e,DO REGO Ricardo,DO:REGO:Ricardo
Depute_e,VENDRELL Marie,VENDRELL:Marie
Depute_e,MÉNÉTREY Yasmine,MÉNÉTREY:Yasmine
Depute_e,ANGELOZ Claude,ANGELOZ:Claude
Depute_e,LAURENT Pierre-Alain,LAURENT:Pierre-Alain
Depute_e,JAHIJA Burim,JAHIJA:Burim
Depute_e,DI SALVO Giuseppe,DI:SALVO:Giuseppe
Depute_e,HEIMO Philippe,HEIMO:Philippe
Depute_e,CHAPPAZ Marc,CHAPPAZ:Marc
Depute_e,BARRY Minkailou,BARRY:Minkailou
Depute_e,CATALAN Joëlle,CATALAN:Joëlle
Depute_e,REOLON Bruno,REOLON:Bruno
Depute_e,ALBANESI Jean-François,ALBANESI:Jean-François
Depute_e,KLINGELE Olivier,KLINGELE:Olivier
Depute_e,BENCKER Jeanne,BENCKER:Jeanne
Depute_e,MARGUET Tex,MARGUET:Tex
Depute_e,DELMENICO Janine,DELMENICO:Janine
Depute_e,SHLYAPINA Elena,SHLYAPINA:Elena
Depute_e,MUDRY Yves,MUDRY:Yves
Depute_e,GOSTOLI Gérard,GOSTOLI:Gérard
Depute_e,YAU Helen,YAU:Helen
Depute_e,INNOCENTI Flavio,INNOCENTI:Flavio
Depute_e,COVER Sabina,COVER:Sabina
Depute_e,AMBORD Cédric,AMBORD:Cédric:Sandro
Depute_e,GARCIA Javier,GARCIA:Javier
Depute_e,BELCASTRO DE LUCA Nathalie,BELCASTRO:DE:LUCA:Nathalie
Depute_e,ZBINDEN Jean-Luc,ZBINDEN:Jean-Luc
Depute_e,AHDAB Ahmad,AHDAB:Ahmad:Chawki
Depute_e,BAIUNCO Aurora,BAIUNCO:Aurora
Depute_e,OLIVEIRA Rui,OLIVEIRA:Rui
Depute_e,PASTORE Daniel,PASTORE:Daniel:Dany
Depute_e,DRASKOVIC Rada,DRASKOVIC:Rada
Depute_e,HAYMOZ William,HAYMOZ:William
Depute_e,BESSE Muriel,BESSE:Muriel
Depute_e,NAINE Marie-Josée,NAINE:Marie-Josée
Depute_e,GHARBI Mohamed,GHARBI:Mohamed
Depute_e,LOOSLI Bertille,LOOSLI:Bertille:Clarence
Depute_e,EMONET Sarah,EMONET:Sarah
Depute_e,MÜLLER Olivier,MÜLLER:Olivier
Depute_e,LODDO Olivier,LODDO:Olivier:HENRIOUD
Depute_e,BEN CHAABANE Salah,BEN:CHAABANE:Salah
Depute_e,DE OLIVEIRA NUNES Vitor,DE:OLIVEIRA:NUNES:Vitor
Depute_e,MARTIGNONI Alain,MARTIGNONI:Alain
Depute_e,MARÉCHAL Christophe,MARÉCHAL:Christophe
Depute_e,SPAGNOLO Salvatore,SPAGNOLO:Salvatore
Depute_e,PIERRE TOUSSAINT Sircee,PIERRE:TOUSSAINT:Sircee
Depute_e,STEINER Christian,STEINER:Christian
Depute_e,BEUN Christine,BEUN:Christine:Kristine
Depute_e,BISSAT Rose,BISSAT:Rose:Marie:Angeline
Depute_e,GUISY Milène,GUISY:Milène
Depute_e,MARTIN Emmanuel,MARTIN:Emmanuel
Depute_e,DUSSAN Julien,DUSSAN:Julien
Depute_e,BONVIN Philippe,BONVIN:Philippe
Depute_e,SAUSER Nicolas,SAUSER:Nicolas
Depute_e,RYSER Alain,RYSER:Alain
Depute_e,MONNEY Armand,MONNEY:Armand
Depute_e,PEYRAUD Alexandre,PEYRAUD:Alexandre
Depute_e,HÄUSERMANN Elisabeth,HÄUSERMANN:Elisabeth
Depute_e,GAUTROT Maria Magdalena,GAUTROT:Maria:Magdalena:Marielena
Depute_e,FONTANA Jérôme,FONTANA:Jérôme
Depute_e,PIGUET Frédéric,PIGUET:Frédéric:Paul
Depute_e,WUARIN Marc,WUARIN:Marc
Depute_e,SAMIM FIROUZSALARI Atefeh,SAMIM:FIROUZSALARI:Atefeh
Depute_e,BUSTAMANTE HERNANDEZ Eric,BUSTAMANTE:HERNANDEZ:Eric
Depute_e,HAMOIR Fursy,HAMOIR:Fursy
Depute_e,PREISIG Robert,PREISIG:Robert
Depute_e,JEANMONOD Christian,JEANMONOD:Christian
Depute_e,MEYLAN Jean Michel,MEYLAN:Jean:Michel
Depute_e,CORI Claudio,CORI:Claudio
Depute_e,WITTWER Christoph,WITTWER:Christoph
Depute_e,BESOMI Alessandro,BESOMI:Alessandro:Alex
Depute_e,RITTER Sven,RITTER:Sven
Depute_e,DUVNJAK Sanja,DUVNJAK:Sanja
Depute_e,FRAMMERY Chloe,FRAMMERY:Chloe
Depute_e,FOUDA AMOUGOU Charlotte,FOUDA:AMOUGOU:Charlotte
Depute_e,SCHELLER Gérard,SCHELLER:Gérard
Depute_e,ROSSELLAT Blaise,ROSSELLAT:Blaise
Depute_e,DACHROUNE Samir,DACHROUNE:Samir
Depute_e,BULT Christoph,BULT:Christoph
Depute_e,MONSHENGWO Jessica,MONSHENGWO:Jessica
Depute_e,LOPEZ Julien,LOPEZ:Julien
Depute_e,FRAUDEAU Delphine,FRAUDEAU:Delphine
Depute_e,ABESSE Hayet,ABESSE:Hayet
Depute_e,GOLAY Séverine,GOLAY:Séverine
Depute_e,JORDAN Claude,JORDAN:Claude
Depute_e,REGAMEY Murielle,REGAMEY:Murielle
Depute_e,SCHUCANI Grégoire,SCHUCANI:Grégoire
Conseiller_ere_d_Etat,EMERY-TORRACINTA Anne,EMERY-TORRACINTA:Anne
Conseiller_ere_d_Etat,APOTHÉLOZ Thierry,APOTHÉLOZ:Thierry
Conseiller_ere_d_Etat,SALERNO Sandrine,SALERNO:Sandrine
Conseiller_ere_d_Etat,HODGERS Antonio,HODGERS:Antonio
Conseiller_ere_d_Etat,DE CHASTONAY Marjorie,DE:CHASTONAY:Marjorie
Conseiller_ere_d_Etat,ROCHAT Yvan,ROCHAT:Yvan
Conseiller_ere_d_Etat,HALLER Jocelyne,HALLER:Jocelyne
Conseiller_ere_d_Etat,WENGER Saliha,WENGER:Saliha:Salika
Conseiller_ere_d_Etat,BURGERMEISTER Jean,BURGERMEISTER:Jean
Conseiller_ere_d_Etat,POGGIA Mauro,POGGIA:Mauro
Conseiller_ere_d_Etat,ROCH Ana Belen,ROCH:Ana:Belen
Conseiller_ere_d_Etat,SORMANNI Daniel,SORMANNI:Daniel
Conseiller_ere_d_Etat,MAUDET Pierre,MAUDET:Pierre
Conseiller_ere_d_Etat,DAL BUSCO Serge,DAL:BUSCO:Serge
Conseiller_ere_d_Etat,BARTHASSAT Luc,BARTHASSAT:Luc
Conseiller_ere_d_Etat,FONTANET Nathalie,FONTANET:Nathalie
Conseiller_ere_d_Etat,DE SENARCLENS Alexandre,DE:SENARCLENS:Alexandre
Conseiller_ere_d_Etat,AMBERGER Axel,AMBERGER:Axel
Conseiller_ere_d_Etat,AYMON Paul,AYMON:Paul:dit:Paul:Sierre
Conseiller_ere_d_Etat,NIDEGGER Yves,NIDEGGER:Yves
Conseiller_ere_d_Etat,BLÄSI Thomas,BLÄSI:Thomas
Conseiller_ere_d_Etat,FLOREY Stéphane,FLOREY:Stéphane
Conseiller_ere_d_Etat,CRETEGNY Willy,CRETEGNY:Willy
Conseiller_ere_d_Etat,ORSINI Magali,ORSINI:Magali
Conseiller_ere_d_Etat,GAUTHIER Pierre,GAUTHIER:Pierre
Conseiller_ere_d_Etat,STAUFFER Eric,STAUFFER:Eric
Conseiller_ere_d_Etat,ZACHARIAS Ronald,ZACHARIAS:Ronald
Conseiller_ere_d_Etat,VIDONNE Thierry,VIDONNE:Thierry
Conseiller_ere_d_Etat,LEITNER André,LEITNER:André
Conseiller_ere_d_Etat,FONTANA Jérôme,FONTANA:Jérôme
Conseiller_ere_d_Etat,AMSLER Susanne,AMSLER:Susanne
