entity,value,synonyms
Candidat,Pagani Rémy,Rémy Pagani
Candidat,Wenger Saliha,Saliha Wenger:Salika Wenger
Candidat,Zaugg Christian,Christian Zaugg
Candidat,Haller Jocelyne,Jocelyne Haller
Candidat,Eniline Alexander,Alexander Eniline
Candidat,Cruchon Pablo,Pablo Cruchon
Candidat,Valentino Stéphanie,Stéphanie Valentino
Candidat,Burgermeister Jean,Jean Burgermeister
Candidat,Ecuyer Hélène,Hélène Ecuyer
Candidat,Issom David-Zacharie,David-Zacharie Issom
Candidat,Ossmann Sekna,Sekna Ossmann
Candidat,Nyffeler Batou Françoise,Françoise Nyffeler Batou
Candidat,Januzi Bashkim,Bashkim Januzi
Candidat,Ecuyer Sébastien,Sébastien Ecuyer
Candidat,Ovett Bondi Davinia,Davinia Ovett Bondi
Candidat,Jimenez Jean-Daniel,Jean-Daniel Jimenez
Candidat,Ecuyer Annick,Annick Ecuyer
Candidat,Peradotto Julie,Julie Peradotto
Candidat,Manríquez Matías,Matías Manríquez
Candidat,Zehfus Yves,Yves Zehfus
Candidat,Zaugg Daniel,Daniel Zaugg
Candidat,Perez Maria,Maria Perez:Lou Perez
Candidat,Schnebli Tobias,Tobias Schnebli:Tobia Schnebli
Candidat,Missoh Dzikunoo Massan,Massan Missoh Dzikunoo
Candidat,Martenot Aude,Aude Martenot
Candidat,Vanek Pierre,Pierre Vanek
Candidat,Clement Patrice,Patrice Clement
Candidat,Prezioso Batou Stefania,Stefania Prezioso Batou
Candidat,Esaki Kabeya Elisabeth,Elisabeth Esaki Kabeya
Candidat,Langford Pia,Pia Langford
Candidat,Vincent Michel,Michel Vincent
Candidat,Rumpczyk Delphine,Delphine Rumpczyk
Candidat,Salm Darboe Karijn,Karijn Salm Darboe
Candidat,Andenmatten David,David Andenmatten
Candidat,Schmid Audrey,Audrey Schmid
Candidat,Guevara Francisco,Francisco Guevara
Candidat,Batou Jean,Jean Batou
Candidat,Stebler Guenat Henriette,Henriette Stebler Guenat
Candidat,Edjeou Corinne,Corinne Edjeou:Corinne Buntschu
Candidat,Zaugg Cecilia,Cecilia Zaugg
Candidat,Baud Olivier,Olivier Baud
Candidat,Zbinden Livia,Livia Zbinden
Candidat,Rossel Pascal,Pascal Rossel
Candidat,Bayenet Pierre,Pierre Bayenet
Candidat,Bailat Ariane,Ariane Bailat
Candidat,Maillefer Denise,Denise Maillefer
Candidat,Meierhofer Manyagoua Boumtché Charlotte,Charlotte Meierhofer Manyagoua Boumtché
Candidat,Blanchet Marjo,Marjo Blanchet
Candidat,Marti Werner,Werner Marti
Candidat,Khaouchi Corinne,Corinne Khaouchi
Candidat,Bolay Robin Stéphanie,Stéphanie Bolay Robin
Candidat,Blanco Luis,Luis Blanco
Candidat,Mamin François,François Mamin
Candidat,De Melo Marcelino Amélia,Amélia De Melo Marcelino
Candidat,Bouzid Mohamed,Mohamed Bouzid
Candidat,Boujemaa Sanae,Sanae Boujemaa
Candidat,Galland Eduardo,Eduardo Galland
Candidat,Jelk Andrée,Andrée Jelk:Andrée Jelk-Peila
Candidat,Castro Gloria,Gloria Castro
Candidat,Camelo Alfredo,Alfredo Camelo
Candidat,Noetzlin Simon,Simon Noetzlin
Candidat,Duraku Fitore,Fitore Duraku
Candidat,Duraku Edon,Edon Duraku
Candidat,Ferreira Elisabeth,Elisabeth Ferreira
Candidat,Christinat Jean-David,Jean-David Christinat
Candidat,Gerardo Féliz Grubi Ynes,Ynes Gerardo Féliz Grubi
Candidat,Carlo Xavier,Xavier Carlo
Candidat,Sahin Gazi,Gazi Sahin
Candidat,Hodgers Antonio,Antonio Hodgers
Candidat,De Chastonay Marjorie,Marjorie De Chastonay
Candidat,Rochat Yvan,Yvan Rochat
Candidat,Perler Frédérique,Frédérique Perler
Candidat,Buschbeck Mathias,Mathias Buschbeck
Candidat,Lefort François,François Lefort
Candidat,Leonelli Katia,Katia Leonelli
Candidat,Macchiavelli Marta,Marta Macchiavelli:Marta Julia Macchiavelli
Candidat,Makosso William,William Makosso
Candidat,Martin David,David Martin
Candidat,Müller Sontag Corinne,Corinne Müller Sontag
Candidat,Nicolet-Dit-Felix Julien,Julien Nicolet-Dit-Felix
Candidat,Noël Philippe,Philippe Noël
Candidat,Oriolo Alessandra,Alessandra Oriolo
Candidat,Oztürk Dilara,Dilara Oztürk
Candidat,Pasquier Isabelle,Isabelle Pasquier:Isabelle Pasquier-Eichenberger
Candidat,Poget Philippe,Philippe Poget
Candidat,Quijano Garcia Maria,Maria Quijano Garcia:Maria José Quijano Garcia
Candidat,Rodriguez Mario,Mario Rodriguez
Candidat,Rogg Catharina,Catharina Rogg:Olowine Rogg
Candidat,Rossiaud Jean,Jean Rossiaud
Candidat,Saa Baud Yubitza,Yubitza Saa Baud
Candidat,Schalk Antoine,Antoine Schalk
Candidat,Schaufelberger Esther,Esther Schaufelberger
Candidat,Sordet Adrienne,Adrienne Sordet
Candidat,Taleghani Majid,Majid Taleghani
Candidat,Tchamkerten Jolanka,Jolanka Tchamkerten
Candidat,Tiguemounine Sabine,Sabine Tiguemounine
Candidat,Tinguely Dominique,Dominique Tinguely
Candidat,Tschudi Paloma,Paloma Tschudi
Candidat,Van Woerden Wendy,Wendy Van Woerden
Candidat,Veiga Arias Damian,Damian Veiga Arias:Damian Veiga Löffel
Candidat,Wisard Prado Leyma,Leyma Wisard Prado
Candidat,Yunus Ebener Mariam,Mariam Yunus Ebener:Maryam Yunus Ebener
Candidat,Amato Maurice,Maurice Amato
Candidat,Amsellem Benedicte,Benedicte Amsellem:Benedicte Amsellem-Ossipow
Candidat,Ardizzone Ivan,Ivan Ardizzone
Candidat,Azzabi Omar,Omar Azzabi
Candidat,Bänziger Ruth,Ruth Bänziger
Candidat,Barciela Villar Ana,Ana Barciela Villar
Candidat,Bavarel Christian,Christian Bavarel
Candidat,Boccard Damien,Damien Boccard:Damien Baptiste Boccard
Candidat,Bonny Didier,Didier Bonny
Candidat,Bonvin Bonfanti Anne,Anne Bonvin Bonfanti
Candidat,Bucher Denis,Denis Bucher
Candidat,Buenzod Christian,Christian Buenzod
Candidat,Bui Aurore,Aurore Bui
Candidat,Cabitza Marina,Marina Cabitza
Candidat,Calame Boris,Boris Calame
Candidat,Calame Fabrice,Fabrice Calame
Candidat,Chaudieu Anne,Anne Chaudieu
Candidat,Concha Celtia,Celtia Concha
Candidat,Corpataux Laurence,Laurence Corpataux
Candidat,Dalphin Marc,Marc Dalphin
Candidat,De Felice Nicolas,Nicolas De Felice
Candidat,De Maio Sara,Sara De Maio
Candidat,De Matteis Yves,Yves De Matteis
Candidat,De Rougemont Philippe,Philippe De Rougemont
Candidat,Desbiolles Sophie,Sophie Desbiolles
Candidat,Descombes Isabelle,Isabelle Descombes
Candidat,Dujoux Valentin,Valentin Dujoux
Candidat,Dupuis Renaud,Renaud Dupuis
Candidat,Ebener Christophe,Christophe Ebener
Candidat,Eckert Pierre,Pierre Eckert
Candidat,Fischer Fabienne,Fabienne Fischer
Candidat,Freymond Pascal,Pascal Freymond
Candidat,Geoffroy Elias,Elias Geoffroy
Candidat,Gomez Alfonso,Alfonso Gomez
Candidat,Haas François,François Haas
Candidat,Hartmann Esther,Esther Hartmann
Candidat,Heberlein Simonett Claudia,Claudia Heberlein Simonett
Candidat,Herren Yves,Yves Herren
Candidat,Khamis Vannini Uzma,Uzma Khamis Vannini
Candidat,Klopfenstein Broggini Delphine,Delphine Klopfenstein Broggini
Candidat,Kündig Ralph,Ralph Kündig
Candidat,Latour Sabine,Sabine Latour
Candidat,Emery-Torracinta Anne,Anne Emery-Torracinta
Candidat,Apothéloz Thierry,Thierry Apothéloz
Candidat,Salerno Sandrine,Sandrine Salerno
Candidat,De Sainte-Marie Romain,Romain De Sainte-Marie
Candidat,Kast Carole-Anne,Carole-Anne Kast
Candidat,Wenger Thomas,Thomas Wenger
Candidat,Marti Caroline,Caroline Marti
Candidat,Bandler Marko,Marko Bandler
Candidat,Moyard Mizrahi Salima,Salima Moyard Mizrahi
Candidat,Dandrès Christian,Christian Dandrès
Candidat,Verissimo De Freitas Helena,Helena Verissimo De Freitas
Candidat,Carasso Grégoire,Grégoire Carasso
Candidat,Sobanek Marion,Marion Sobanek
Candidat,Thévoz Sylvain,Sylvain Thévoz
Candidat,Conti Jennifer,Jennifer Conti
Candidat,Staub Martin,Martin Staub
Candidat,Valiquer Grecuccio Nicole,Nicole Valiquer Grecuccio
Candidat,Rielle Jean Charles,Jean Charles Rielle
Candidat,Gavilanes Amanda,Amanda Gavilanes
Candidat,Mizrahi Cyril,Cyril Mizrahi
Candidat,Casares Maria Jesus,Maria Jesus Casares
Candidat,Pomatto Michel,Michel Pomatto
Candidat,Strasser Léna,Léna Strasser
Candidat,Kokot Guilhem,Guilhem Kokot
Candidat,Romano Maria,Maria Romano:Maria Vittoria Romano
Candidat,Mussa Ahmed,Ahmed Mussa:Youniss Mussa
Candidat,Osmani Xhevrie,Xhevrie Osmani
Candidat,Esteban Diego,Diego Esteban
Candidat,Baillon Glenna,Glenna Baillon
Candidat,Eya Nchama Cruz Melchor,Cruz Melchor Eya Nchama
Candidat,Brandrup Gladys,Gladys Brandrup:Gladys Acosta Brandrup
Candidat,Chiaradonna Denis,Denis Chiaradonna
Candidat,Lüthi Badia,Badia Lüthi
Candidat,Clemence Nicolas,Nicolas Clemence
Candidat,Vatre Patricia,Patricia Vatre
Candidat,Zimmermann Michel,Michel Zimmermann
Candidat,Viret Dora,Dora Viret:Cécilia Viret
Candidat,Velasco Alberto,Alberto Velasco
Candidat,Fabre Michel,Michel Fabre
Candidat,De Battista Regis,Regis De Battista
Candidat,Deonna Emmanuel,Emmanuel Deonna
Candidat,Tombola Jean-Pierre,Jean-Pierre Tombola
Candidat,Keel Theo,Theo Keel
Candidat,Lapalud Patrick,Patrick Lapalud
Candidat,Barry Thierno,Thierno Barry
Candidat,Halimi Hysri,Hysri Halimi
Candidat,Gajardo Munoz Jorge,Jorge Gajardo Munoz
Candidat,Alonso Unica Manuel,Manuel Alonso Unica
Candidat,Baldini Frédéric,Frédéric Baldini
Candidat,Bruchez Thomas,Thomas Bruchez
Candidat,Benda Benjamin,Benjamin Benda
Candidat,Burkhard Roland,Roland Burkhard
Candidat,Bosshard Pierre Yves,Pierre Yves Bosshard
Candidat,Kurteshi Ismet,Ismet Kurteshi
Candidat,Maudet Pierre,Pierre Maudet
Candidat,Fontanet Nathalie,Nathalie Fontanet
Candidat,De Senarclens Alexandre,Alexandre De Senarclens
Candidat,De Montmollin Simone,Simone De Montmollin
Candidat,Morel Philippe,Philippe Morel
Candidat,Putallaz Jean,Jean Putallaz:Jean Jean Romain
Candidat,Saudan Patrick,Patrick Saudan
Candidat,Selleger Charles,Charles Selleger
Candidat,Uehlinger Pascal,Pascal Uehlinger
Candidat,Vuillod Georges,Georges Vuillod
Candidat,Wicky Raymond,Raymond Wicky
Candidat,Zuber Céline,Céline Zuber:Céline Roy
Candidat,Zweifel Yvan,Yvan Zweifel
Candidat,Aellen Cyril,Cyril Aellen
Candidat,Alder Murat Julian,Murat Julian Alder
Candidat,Barbey Alexis,Alexis Barbey
Candidat,Barde Antoine,Antoine Barde
Candidat,Béné Jacques,Jacques Béné
Candidat,De Candolle Beatriz,Beatriz De Candolle
Candidat,Conne Pierre,Pierre Conne
Candidat,Cuendet Edouard,Edouard Cuendet
Candidat,Hardyn Nathalie,Nathalie Hardyn
Candidat,Hiltpold Serge,Serge Hiltpold
Candidat,Malek-Asghar Patrick,Patrick Malek-Asghar
Candidat,Monbaron Fabienne,Fabienne Monbaron:Fabienne Monbaron-Stress
Candidat,Morand Louise,Louise Morand
Candidat,Nicollier Pierre,Pierre Nicollier
Candidat,Oppliger Danielle,Danielle Oppliger
Candidat,Orsini Antoine,Antoine Orsini
Candidat,Pasquier Jean-Pierre,Jean-Pierre Pasquier
Candidat,Patek Serge,Serge Patek
Candidat,De Planta Francine,Francine De Planta
Candidat,Rana Zolana Ginior,Ginior Rana Zolana
Candidat,Rigotti Maria,Maria Rigotti:Helena Rigotti
Candidat,Roullet Michèle,Michèle Roullet
Candidat,Schaller Vincent,Vincent Schaller
Candidat,Schneebeli Roland-Daniel,Roland-Daniel Schneebeli
Candidat,Senglet Christophe,Christophe Senglet
Candidat,Serrano Philippe,Philippe Serrano
Candidat,Sommer Monika,Monika Sommer
Candidat,Steiner Matthieu,Matthieu Steiner
Candidat,Subilia Vincent,Vincent Subilia
Candidat,Taboada Francisco,Francisco Taboada
Candidat,Tschopp Laurent,Laurent Tschopp
Candidat,Wavre Rolin,Rolin Wavre
Candidat,Wicki Guy,Guy Wicki
Candidat,Wolfisberg François,François Wolfisberg
Candidat,Agramunt Gian-Reto,Gian-Reto Agramunt
Candidat,Apothéloz Jacques,Jacques Apothéloz
Candidat,Aubert Nicolas,Nicolas Aubert
Candidat,Barbier-Mueller Diane,Diane Barbier-Mueller
Candidat,Bellingeri Stefano Vito,Stefano Vito Bellingeri
Candidat,Bersier Julie,Julie Bersier
Candidat,Blanch Richard-Pascal,Richard-Pascal Blanch:Pascal Blanch
Candidat,Böhler Frances,Frances Böhler:Frances Böhler-GoodshipElizabeth BöhlerElizabeth Böhler-Goodship
Candidat,Bouvier Christine,Christine Bouvier
Candidat,Brandt Simon,Simon Brandt
Candidat,Bron Gilles-Olivier,Gilles-Olivier Bron
Candidat,Brunel Mayori,Mayori Brunel
Candidat,Burri Rémy,Rémy Burri
Candidat,Cornu Renate,Renate Cornu
Candidat,Creffield Conrad,Conrad Creffield
Candidat,Daher Vincent,Vincent Daher
Candidat,Dérobert Thierry,Thierry Dérobert
Candidat,Desfayes Natacha,Natacha Desfayes:Natacha Buffet-Desfayes
Candidat,Douzals Jacques,Jacques Douzals
Candidat,Fiss Joëlle,Joëlle Fiss
Candidat,Genecand Adrien,Adrien Genecand
Candidat,Giacobino Donata,Donata Giacobino:Donata Giacobino-FroidevauxNadia GiacobinoNadia Giacobino-Froidevaux
Candidat,Grand Eric,Eric Grand
Candidat,Grognuz Fabien,Fabien Grognuz
Candidat,Jay Sylvie,Sylvie Jay
Candidat,Jud Philippe,Philippe Jud
Candidat,Kämpfen Véronique,Véronique Kämpfen
Candidat,Lämmel Valérie,Valérie Lämmel:Valérie Laemmel-Juillard
Candidat,Leiser Jean-Marc,Jean-Marc Leiser
Candidat,Locher Jean,Jean Locher
Candidat,Luzzatto Christine,Christine Luzzatto
Candidat,Messerli Marie-Claire,Marie-Claire Messerli
Candidat,Meyer Philippe,Philippe Meyer
Candidat,Barthassat Luc,Luc Barthassat
Candidat,Dal Busco Serge,Serge Dal Busco
Candidat,Buchs Bertrand,Bertrand Buchs
Candidat,Aebi Benjamin,Benjamin Aebi
Candidat,Angelozzi Philippe,Philippe Angelozzi
Candidat,Von Arx-Vernon Anne-Marie,Anne-Marie Von Arx-Vernon
Candidat,Bachmann Delphine,Delphine Bachmann
Candidat,Bidaux Patricia,Patricia Bidaux:Patricia Bidaux-Rodriguez
Candidat,Blondin Jacques,Jacques Blondin
Candidat,Bocquet Claude,Claude Bocquet
Candidat,Bourbala Djamel,Djamel Bourbala
Candidat,Bouvier Jérémy,Jérémy Bouvier
Candidat,Bugnion Jean-Michel,Jean-Michel Bugnion
Candidat,Casutt Martine,Martine Casutt
Candidat,Cerutti Olivier,Olivier Cerutti
Candidat,Chaker Mangeat Alia,Alia Chaker Mangeat
Candidat,Chevalier Alexandre,Alexandre Chevalier
Candidat,Decrey Christophe,Christophe Decrey
Candidat,Deluermoz Cosima,Cosima Deluermoz
Candidat,Desfayes Sébastien,Sébastien Desfayes
Candidat,Dulex Christophe,Christophe Dulex
Candidat,Dupont Thérèse,Thérèse Dupont
Candidat,Engelberts Marie-Thérèse,Marie-Thérèse Engelberts:Marie-Thérèse Engelberts-Leone
Candidat,Fischer Daniel,Daniel Fischer
Candidat,Forni Jean-Luc,Jean-Luc Forni
Candidat,Fournier Nicolas,Nicolas Fournier
Candidat,Frischknecht Catherine,Catherine Frischknecht
Candidat,Gache Hélène,Hélène Gache
Candidat,Gashi Sami,Sami Gashi
Candidat,Giannasi Anthony,Anthony Giannasi
Candidat,Giannelli Mark,Mark Giannelli
Candidat,Gioria Gaëlle,Gaëlle Gioria
Candidat,Guinchard Jean-Marc,Jean-Marc Guinchard
Candidat,De Kalbermatten Alain,Alain De Kalbermatten
Candidat,Khattabi Hassar Houda,Houda Khattabi Hassar
Candidat,Kunz Laurence,Laurence Kunz
Candidat,Lance François,François Lance
Candidat,Lathion Jean Charles,Jean Charles Lathion
Candidat,Lehner Laurent,Laurent Lehner
Candidat,Lupo Paolo,Paolo Lupo
Candidat,Magnin Xavier,Xavier Magnin
Candidat,Magnin Yves,Yves Magnin
Candidat,Maitre Vincent,Vincent Maitre
Candidat,Makki Michela,Michela Makki:Michèle Makki
Candidat,Meissner Reyfer Christine,Christine Meissner Reyfer:Christina Meissner Reyfer
Candidat,Merle Emmanuelle,Emmanuelle Merle
Candidat,Mettan Guy,Guy Mettan
Candidat,Meyer De Stadelhofen Philippe,Philippe Meyer De Stadelhofen
Candidat,Mondoux Alexandre,Alexandre Mondoux
Candidat,Moroni Catherine,Catherine Moroni
Candidat,Neuder Isabelle,Isabelle Neuder
Candidat,Ouedraogo Moustapha,Moustapha Ouedraogo
Candidat,Perret Vincent,Vincent Perret
Candidat,Pfeiffer Alex,Alex Pfeiffer
Candidat,Progin Christian,Christian Progin
Candidat,Putallaz Thomas,Thomas Putallaz
Candidat,Rasolo Daniel,Daniel Rasolo
Candidat,Ruchet Philippe,Philippe Ruchet
Candidat,Rys Alexandra,Alexandra Rys
Candidat,Saudan Guy,Guy Saudan
Candidat,Sayegh Souheil,Souheil Sayegh
Candidat,Scandurra Alessandro,Alessandro Scandurra
Candidat,Schmied Patrick,Patrick Schmied
Candidat,Schrag Sylvianne,Sylvianne Schrag
Candidat,Simoes Jose,Jose Simoes
Candidat,Sopi Dardan,Dardan Sopi
Candidat,Squillaci Nicola,Nicola Squillaci
Candidat,Steinberg Candrian Melinda,Melinda Steinberg Candrian
Candidat,Tomassi Christine,Christine Tomassi
Candidat,Tremblet Laurent,Laurent Tremblet
Candidat,Uong Dinh Manh,Dinh Manh Uong
Candidat,Völki Robert,Robert Völki
Candidat,Vuarnoz Emanuela,Emanuela Vuarnoz:Emanuelle Vuarnoz
Candidat,Wehrli Patrick,Patrick Wehrli
Candidat,Zimmermann Luc,Luc Zimmermann
Candidat,Zimmermann Bertrand,Bertrand Zimmermann
Candidat,Nidegger Yves,Yves Nidegger
Candidat,Bläsi Thomas,Thomas Bläsi
Candidat,Florey Stéphane,Stéphane Florey
Candidat,Leyvraz Eric,Eric Leyvraz
Candidat,Fuhrmann Marc,Marc Fuhrmann
Candidat,Lussi Patrick,Patrick Lussi
Candidat,Ivanov Christo,Christo Ivanov
Candidat,Falquet Marc,Marc Falquet
Candidat,Maendly Norbert,Norbert Maendly
Candidat,Pfeffer André,André Pfeffer
Candidat,Catelain Gilbert,Gilbert Catelain
Candidat,Hulliger Patrick,Patrick Hulliger
Candidat,Michaud Eliane,Eliane Michaud:Eliane Ansermet
Candidat,Scherb Peter,Peter Scherb:Pierre Scherb
Candidat,Stark Riccardo,Riccardo Stark:Richard Stark
Candidat,Guinchard Damien,Damien Guinchard
Candidat,Bisol Walter,Walter Bisol
Candidat,Masé Zora,Zora Masé
Candidat,Velen François,François Velen
Candidat,Knörr Stephen,Stephen Knörr
Candidat,Rubeli Pascal,Pascal Rubeli
Candidat,Lyon Didier,Didier Lyon
Candidat,Perrenoud Philippe,Philippe Perrenoud
Candidat,Dutruit André,André Dutruit
Candidat,Altenbach Pascal,Pascal Altenbach
Candidat,Queffélec Philippe,Philippe Queffélec
Candidat,Laporte Claude,Claude Laporte
Candidat,Conti Virna,Virna Conti
Candidat,Parel Loïc,Loïc Parel
Candidat,Heddi Leila,Leila Heddi
Candidat,Gomes De Almeida José,José Gomes De Almeida:Manuel Gomes De Almeida
Candidat,Bertinat Marie-Agnès,Marie-Agnès Bertinat
Candidat,Mounla Alexandre,Alexandre Mounla
Candidat,Dournow David,David Dournow
Candidat,Chaussivert Patrice,Patrice Chaussivert
Candidat,Knoll Tatiana,Tatiana Knoll
Candidat,Rime Alexandre,Alexandre Rime
Candidat,Desyatkina Dzodziev Viktoriya,Viktoriya Desyatkina Dzodziev
Candidat,Thomas Sébastien,Sébastien Thomas
Candidat,Romanens Mathieu,Mathieu Romanens
Candidat,Schweizer Adriana,Adriana Schweizer
Candidat,Khachatryan Gohar,Gohar Khachatryan
Candidat,Prando Stéphane,Stéphane Prando
Candidat,Borer Maria Da Conceicao,Maria Da Conceicao Borer
Candidat,Akaba El Mostafa,El Mostafa Akaba
Candidat,Léguillon Angèle,Angèle Léguillon
Candidat,Bontoux Caroline,Caroline Bontoux
Candidat,Honegger Heller Manuela,Manuela Honegger Heller
Candidat,Ocharan Robles Rapaz Eva,Eva Ocharan Robles Rapaz:Eva Ocharan Robles
Candidat,Da Cruz Pedro Anna,Anna Da Cruz Pedro:Anna Da Cruz Perret-Gentil
Candidat,Borcard Anne,Anne Borcard
Candidat,Müller Fabienne,Fabienne Müller:Fabienne Abramovich
Candidat,Yol Diana,Diana Yol
Candidat,Randegger Alice,Alice Randegger
Candidat,Depraetere Graciela,Graciela Depraetere:Graciela Depraetere-Manulis
Candidat,Ozdemir Elcim,Elcim Ozdemir:Elcim ÖzdemirElçim OzdemirElçim Özdemir
Candidat,Ricciardi Werlen Jacqueline,Jacqueline Ricciardi Werlen
Candidat,Rossier Fahrion Cerise,Cerise Rossier Fahrion
Candidat,Boselli Gauthey Monica,Monica Boselli Gauthey
Candidat,Lavrador Dias Claudia,Claudia Lavrador Dias:Claudia Dias
Candidat,Jauch Caroline,Caroline Jauch
Candidat,Grange Marie-Florence,Marie-Florence Grange
Candidat,Mazzoni Nikita,Nikita Mazzoni
Candidat,Langer Valérie,Valérie Langer
Candidat,Mayoral Edo Corinne,Corinne Mayoral Edo:Corinne Mayoral
Candidat,Thomias Leduc Diana,Diana Thomias Leduc
Candidat,Orsini Magali,Magali Orsini
Candidat,Gauthier Pierre,Pierre Gauthier
Candidat,Armand Catherine,Catherine Armand
Candidat,Guex Stéphane,Stéphane Guex:dit Guex-Pierre Guex
Candidat,Humberset Corinne,Corinne Humberset
Candidat,Ruckterstuhl Jean-Claude,Jean-Claude Ruckterstuhl
Candidat,Longo Katrin,Katrin Longo
Candidat,Girod Nicolas,Nicolas Girod
Candidat,Küderli Berkane Nicole,Nicole Küderli Berkane
Candidat,Flaks Joël,Joël Flaks
Candidat,Perrin Brigitte,Brigitte Perrin
Candidat,Goudal Renaud,Renaud Goudal
Candidat,Meynet Danielle,Danielle Meynet
Candidat,Meynet Leon,Leon Meynet
Candidat,Turnowsky Serge,Serge Turnowsky
Candidat,Zimmermann Olivier,Olivier Zimmermann
Candidat,Chatelain Dimitri,Dimitri Chatelain
Candidat,Stauffer Eric,Eric Stauffer
Candidat,Zacharias Ronald,Ronald Zacharias
Candidat,Saraiva Medeiros Carlos,Carlos Saraiva Medeiros
Candidat,Spühler Pascal,Pascal Spühler
Candidat,Gaetanino Marco,Marco Gaetanino
Candidat,Le Jeune Giacobbi Cristina,Cristina Le Jeune Giacobbi
Candidat,Walther Thierry,Thierry Walther
Candidat,Hüssy Coppex Viviana Ximena Anghela,Viviana Ximena Anghela Hüssy Coppex
Candidat,Loeillet-Rouzier Anne,Anne Loeillet-Rouzier:Marie Loeillet-Rouzier
Candidat,Fusco Gerardo,Gerardo Fusco
Candidat,Gamberoni Dominique,Dominique Gamberoni
Candidat,Nobs Cyril,Cyril Nobs
Candidat,Noël Daniel,Daniel Noël
Candidat,Santi Michel,Michel Santi
Candidat,Picot Jérôme,Jérôme Picot
Candidat,Ruchonnet Jean-François,Jean-François Ruchonnet
Candidat,Galetto Frédéric,Frédéric Galetto
Candidat,Beck Victoria,Victoria Beck
Candidat,Antoine Jean-Marc,Jean-Marc Antoine
Candidat,Rime Fatma,Fatma Rime:Fatima Rime
Candidat,L'Huillier Eric,Eric L'Huillier
Candidat,Paraná Júnior Valério,Valério Paraná Júnior
Candidat,Lota Raphaëlle,Raphaëlle Lota
Candidat,Thomsen Elena,Elena Thomsen:Elena Milakova
Candidat,Ballesteros Stefan,Stefan Ballesteros
Candidat,Fabre Jean,Jean Fabre
Candidat,Nguyen Van Minh,Van Minh Nguyen
Candidat,Martel Frédéric,Frédéric Martel
Candidat,Frey Priscilla,Priscilla Frey
Candidat,Brkic Vitomir,Vitomir Brkic
Candidat,Levy Yossef,Yossef Levy:Hai Levy
Candidat,Bissoli Marion,Marion Bissoli:Marion Le Bacquer
Candidat,Cohen Olivier,Olivier Cohen
Candidat,Bruguier Michel,Michel Bruguier
Candidat,Solteiro Jorge,Jorge Solteiro
Candidat,Halimi Arsim,Arsim Halimi
Candidat,Berlemont Alain,Alain Berlemont
Candidat,Gargantini Yves,Yves Gargantini
Candidat,Maigre Maria Inès,Maria Inès Maigre
Candidat,Farinha Horacio,Horacio Farinha
Candidat,Vidonne Thierry,Thierry Vidonne
Candidat,Leitner André,André Leitner
Candidat,Delacquis Cédric,Cédric Delacquis
Candidat,Zagato Sophie,Sophie Zagato
Candidat,Vidonne Valérie,Valérie Vidonne
Candidat,Ferrand Guy,Guy Ferrand
Candidat,Kunzi Nicolas,Nicolas Kunzi
Candidat,Kugel Mark,Mark Kugel
Candidat,Thurnherr Laurent,Laurent Thurnherr
Candidat,Vidonne David,David Vidonne
Candidat,Beureux Silvain,Silvain Beureux
Candidat,Kunzi Philippe,Philippe Kunzi
Candidat,Fader Annette,Annette Fader:Yasuka Fader
Candidat,Thurnherr Sylvain,Sylvain Thurnherr
Candidat,Beureux Johan,Johan Beureux
Candidat,Poggia Mauro,Mauro Poggia
Candidat,Golay Roger,Roger Golay
Candidat,Roch Ana Belen,Ana Belen Roch
Candidat,Sormanni Daniel,Daniel Sormanni
Candidat,Cerutti Thierry,Thierry Cerutti
Candidat,Voumard Jean Marie,Jean Marie Voumard
Candidat,Le Joncour-Brülhart Céline,Céline Le Joncour-Brülhart
Candidat,Bärtschi François,François Bärtschi
Candidat,Pistis Sandro,Sandro Pistis
Candidat,Derouette Jean-Paul,Jean-Paul Derouette
Candidat,Magnin Danièle,Danièle Magnin
Candidat,Valentin Francisco,Francisco Valentin
Candidat,Sapin Françoise,Françoise Sapin
Candidat,Flury Christian,Christian Flury
Candidat,Golay Sandra,Sandra Golay
Candidat,Python André,André Python
Candidat,Rappaz Henry,Henry Rappaz
Candidat,Gander Florian,Florian Gander
Candidat,Decorvet Christian,Christian Decorvet
Candidat,Sonderegger Gabriela,Gabriela Sonderegger
Candidat,Dimier Patrick,Patrick Dimier
Candidat,Fontaine-Vive-Curtaz Jean,Jean Fontaine-Vive-Curtaz
Candidat,Saas Alexandra,Alexandra Saas
Candidat,Zogg Thomas,Thomas Zogg
Candidat,Pascarella Louise,Louise Pascarella
Candidat,Fekkak Hatem,Hatem Fekkak
Candidat,Angelo Antonio,Antonio Angelo
Candidat,Cattin Jean-Pascal,Jean-Pascal Cattin
Candidat,Baryeka Jarek,Jarek Baryeka
Candidat,Reichenbach Kevin,Kevin Reichenbach
Candidat,Chapou Frédéric,Frédéric Chapou
Candidat,Madani Amar,Amar Madani
Candidat,Leisi Laurent,Laurent Leisi
Candidat,Oudin Rémy,Rémy Oudin
Candidat,Villette Jean,Jean Villette
Candidat,Ambrosio François,François Ambrosio
Candidat,Teixeira Albano,Albano Teixeira
Candidat,Frauchiger Roger,Roger Frauchiger
Candidat,Dellagiovanna Daniel,Daniel Dellagiovanna
Candidat,Roulin Claude,Claude Roulin
Candidat,Couto Armando,Armando Couto
Candidat,Nieto Alexandre,Alexandre Nieto
Candidat,Chaoui Laïla,Laïla Chaoui
Candidat,Sotomayor André,André Sotomayor
Candidat,Do Rego Ricardo,Ricardo Do Rego
Candidat,Vendrell Marie,Marie Vendrell
Candidat,Ménétrey Yasmine,Yasmine Ménétrey
Candidat,Angeloz Claude,Claude Angeloz
Candidat,Laurent Pierre-Alain,Pierre-Alain Laurent
Candidat,Jahija Burim,Burim Jahija
Candidat,Di Salvo Giuseppe,Giuseppe Di Salvo
Candidat,Heimo Philippe,Philippe Heimo
Candidat,Chappaz Marc,Marc Chappaz
Candidat,Barry Minkailou,Minkailou Barry
Candidat,Catalan Joëlle,Joëlle Catalan
Candidat,Reolon Bruno,Bruno Reolon
Candidat,Albanesi Jean-François,Jean-François Albanesi
Candidat,Klingele Olivier,Olivier Klingele
Candidat,Bencker Jeanne,Jeanne Bencker
Candidat,Marguet Tex,Tex Marguet
Candidat,Delmenico Janine,Janine Delmenico
Candidat,Shlyapina Elena,Elena Shlyapina
Candidat,Mudry Yves,Yves Mudry
Candidat,Gostoli Gérard,Gérard Gostoli
Candidat,Yau Helen,Helen Yau
Candidat,Innocenti Flavio,Flavio Innocenti
Candidat,Cover Sabina,Sabina Cover
Candidat,Ambord Cédric,Cédric Ambord:Sandro Ambord
Candidat,Garcia Javier,Javier Garcia
Candidat,Belcastro De Luca Nathalie,Nathalie Belcastro De Luca
Candidat,Zbinden Jean-Luc,Jean-Luc Zbinden
Candidat,Ahdab Ahmad,Ahmad Ahdab:Chawki Ahdab
Candidat,Baiunco Aurora,Aurora Baiunco
Candidat,Oliveira Rui,Rui Oliveira
Candidat,Pastore Daniel,Daniel Pastore:Dany Pastore
Candidat,Draskovic Rada,Rada Draskovic
Candidat,Haymoz William,William Haymoz
Candidat,Besse Muriel,Muriel Besse
Candidat,Naine Marie-Josée,Marie-Josée Naine
Candidat,Gharbi Mohamed,Mohamed Gharbi
Candidat,Loosli Bertille,Bertille Loosli:Clarence Loosli
Candidat,Emonet Sarah,Sarah Emonet
Candidat,Müller Olivier,Olivier Müller
Candidat,Loddo Olivier,Olivier Loddo:Olivier Henrioud
Candidat,Ben Chaabane Salah,Salah Ben Chaabane
Candidat,De Oliveira Nunes Vitor,Vitor De Oliveira Nunes
Candidat,Martignoni Alain,Alain Martignoni
Candidat,Maréchal Christophe,Christophe Maréchal
Candidat,Spagnolo Salvatore,Salvatore Spagnolo
Candidat,Pierre Toussaint Sircee,Sircee Pierre Toussaint
Candidat,Steiner Christian,Christian Steiner
Candidat,Beun Christine,Christine Beun:Kristine Beun
Candidat,Bissat Rose,Rose Bissat:Marie Angeline Bissat
Candidat,Guisy Milène,Milène Guisy
Candidat,Martin Emmanuel,Emmanuel Martin
Candidat,Dussan Julien,Julien Dussan
Candidat,Bonvin Philippe,Philippe Bonvin
Candidat,Sauser Nicolas,Nicolas Sauser
Candidat,Ryser Alain,Alain Ryser
Candidat,Monney Armand,Armand Monney
Candidat,Peyraud Alexandre,Alexandre Peyraud
Candidat,Häusermann Elisabeth,Elisabeth Häusermann
Candidat,Gautrot Maria Magdalena,Maria Magdalena Gautrot:Marielena Gautrot
Candidat,Fontana Jérôme,Jérôme Fontana
Candidat,Piguet Frédéric,Frédéric Piguet:Paul Piguet
Candidat,Wuarin Marc,Marc Wuarin
Candidat,Samim Firouzsalari Atefeh,Atefeh Samim Firouzsalari
Candidat,Bustamante Hernandez Eric,Eric Bustamante Hernandez
Candidat,Hamoir Fursy,Fursy Hamoir
Candidat,Preisig Robert,Robert Preisig
Candidat,Jeanmonod Christian,Christian Jeanmonod
Candidat,Meylan Jean Michel,Jean Michel Meylan
Candidat,Cori Claudio,Claudio Cori
Candidat,Wittwer Christoph,Christoph Wittwer
Candidat,Besomi Alessandro,Alessandro Besomi:Alex Besomi
Candidat,Ritter Sven,Sven Ritter
Candidat,Duvnjak Sanja,Sanja Duvnjak
Candidat,Frammery Chloe,Chloe Frammery
Candidat,Fouda Amougou Charlotte,Charlotte Fouda Amougou
Candidat,Scheller Gérard,Gérard Scheller
Candidat,Rossellat Blaise,Blaise Rossellat
Candidat,Dachroune Samir,Samir Dachroune
Candidat,Bult Christoph,Christoph Bult
Candidat,Monshengwo Jessica,Jessica Monshengwo
Candidat,Lopez Julien,Julien Lopez
Candidat,Fraudeau Delphine,Delphine Fraudeau
Candidat,Abesse Hayet,Hayet Abesse
Candidat,Golay Séverine,Séverine Golay
Candidat,Jordan Claude,Claude Jordan
Candidat,Regamey Murielle,Murielle Regamey
Candidat,Schucani Grégoire,Grégoire Schucani
Candidat,Amberger Axel,Axel Amberger
Candidat,Aymon Paul,Paul Aymon:dit Paul Sierre Aymon
Candidat,Cretegny Willy,Willy Cretegny
Candidat,Amsler Susanne,Susanne Amsler
