entity,value,synonyms
Candidate,Pagani Rémy,Remy Pagani
Candidate,Wenger Saliha,Saliha Wenger:Salika Wenger
Candidate,Zaugg Christian,Christian Zaugg
Candidate,Haller Jocelyne,Jocelyne Haller
Candidate,Eniline Alexander,Alexander Eniline
Candidate,Cruchon Pablo,Pablo Cruchon
Candidate,Valentino Stéphanie,Stephanie Valentino
Candidate,Burgermeister Jean,Jean Burgermeister
Candidate,Ecuyer Hélène,Helene Ecuyer
Candidate,Issom David-Zacharie,David-Zacharie Issom
Candidate,Ossmann Sekna,Sekna Ossmann
Candidate,Nyffeler Batou Françoise,Françoise Nyffeler Batou
Candidate,Januzi Bashkim,Bashkim Januzi
Candidate,Ecuyer Sébastien,Sebastien Ecuyer
Candidate,Ovett Bondi Davinia,Davinia Ovett Bondi
Candidate,Jimenez Jean-Daniel,Jean-Daniel Jimenez
Candidate,Ecuyer Annick,Annick Ecuyer
Candidate,Peradotto Julie,Julie Peradotto
Candidate,Manríquez Matías,Matías Manríquez
Candidate,Zehfus Yves,Yves Zehfus
Candidate,Zaugg Daniel,Daniel Zaugg
Candidate,Perez Maria,Maria Perez:Lou Perez
Candidate,Schnebli Tobias,Tobias Schnebli:Tobia Schnebli
Candidate,Missoh Dzikunoo Massan,Massan Missoh Dzikunoo
Candidate,Martenot Aude,Aude Martenot
Candidate,Vanek Pierre,Pierre Vanek
Candidate,Clement Patrice,Patrice Clement
Candidate,Prezioso Batou Stefania,Stefania Prezioso Batou
Candidate,Esaki Kabeya Elisabeth,Elisabeth Esaki Kabeya
Candidate,Langford Pia,Pia Langford
Candidate,Vincent Michel,Michel Vincent
Candidate,Rumpczyk Delphine,Delphine Rumpczyk
Candidate,Salm Darboe Karijn,Karijn Salm Darboe
Candidate,Andenmatten David,David Andenmatten
Candidate,Schmid Audrey,Audrey Schmid
Candidate,Guevara Francisco,Francisco Guevara
Candidate,Batou Jean,Jean Batou
Candidate,Stebler Guenat Henriette,Henriette Stebler Guenat
Candidate,Edjeou Corinne,Corinne Edjeou:Corinne Buntschu
Candidate,Zaugg Cecilia,Cecilia Zaugg
Candidate,Baud Olivier,Olivier Baud
Candidate,Zbinden Livia,Livia Zbinden
Candidate,Rossel Pascal,Pascal Rossel
Candidate,Bayenet Pierre,Pierre Bayenet
Candidate,Bailat Ariane,Ariane Bailat
Candidate,Maillefer Denise,Denise Maillefer
Candidate,Meierhofer Manyagoua Boumtché Charlotte,Charlotte Meierhofer Manyagoua Boumtche
Candidate,Blanchet Marjo,Marjo Blanchet
Candidate,Marti Werner,Werner Marti
Candidate,Khaouchi Corinne,Corinne Khaouchi
Candidate,Bolay Robin Stéphanie,Stephanie Bolay Robin
Candidate,Blanco Luis,Luis Blanco
Candidate,Mamin François,François Mamin
Candidate,De Melo Marcelino Amélia,Amelia De Melo Marcelino
Candidate,Bouzid Mohamed,Mohamed Bouzid
Candidate,Boujemaa Sanae,Sanae Boujemaa
Candidate,Galland Eduardo,Eduardo Galland
Candidate,Jelk Andrée,Andree Jelk:Andree Jelk-Peila
Candidate,Castro Gloria,Gloria Castro
Candidate,Camelo Alfredo,Alfredo Camelo
Candidate,Noetzlin Simon,Simon Noetzlin
Candidate,Duraku Fitore,Fitore Duraku
Candidate,Duraku Edon,Edon Duraku
Candidate,Ferreira Elisabeth,Elisabeth Ferreira
Candidate,Christinat Jean-David,Jean-David Christinat
Candidate,Gerardo Féliz Grubi Ynes,Ynes Gerardo Feliz Grubi
Candidate,Carlo Xavier,Xavier Carlo
Candidate,Sahin Gazi,Gazi Sahin
Candidate,Hodgers Antonio,Antonio Hodgers
Candidate,De Chastonay Marjorie,Marjorie De Chastonay
Candidate,Rochat Yvan,Yvan Rochat
Candidate,Perler Frédérique,Frederique Perler
Candidate,Buschbeck Mathias,Mathias Buschbeck
Candidate,Lefort François,François Lefort
Candidate,Leonelli Katia,Katia Leonelli
Candidate,Macchiavelli Marta,Marta Macchiavelli:Marta Julia Macchiavelli
Candidate,Makosso William,William Makosso
Candidate,Martin David,David Martin
Candidate,Müller Sontag Corinne,Corinne Muller Sontag
Candidate,Nicolet-Dit-Felix Julien,Julien Nicolet-Dit-Felix
Candidate,Noël Philippe,Philippe Noel
Candidate,Oriolo Alessandra,Alessandra Oriolo
Candidate,Oztürk Dilara,Dilara Ozturk
Candidate,Pasquier Isabelle,Isabelle Pasquier:Isabelle Pasquier-Eichenberger
Candidate,Poget Philippe,Philippe Poget
Candidate,Quijano Garcia Maria,Maria Quijano Garcia:Maria Jose Quijano Garcia
Candidate,Rodriguez Mario,Mario Rodriguez
Candidate,Rogg Catharina,Catharina Rogg:Olowine Rogg
Candidate,Rossiaud Jean,Jean Rossiaud
Candidate,Saa Baud Yubitza,Yubitza Saa Baud
Candidate,Schalk Antoine,Antoine Schalk
Candidate,Schaufelberger Esther,Esther Schaufelberger
Candidate,Sordet Adrienne,Adrienne Sordet
Candidate,Taleghani Majid,Majid Taleghani
Candidate,Tchamkerten Jolanka,Jolanka Tchamkerten
Candidate,Tiguemounine Sabine,Sabine Tiguemounine
Candidate,Tinguely Dominique,Dominique Tinguely
Candidate,Tschudi Paloma,Paloma Tschudi
Candidate,Van Woerden Wendy,Wendy Van Woerden
Candidate,Veiga Arias Damian,Damian Veiga Arias:Damian Veiga Loffel
Candidate,Wisard Prado Leyma,Leyma Wisard Prado
Candidate,Yunus Ebener Mariam,Mariam Yunus Ebener:Maryam Yunus Ebener
Candidate,Amato Maurice,Maurice Amato
Candidate,Amsellem Benedicte,Benedicte Amsellem:Benedicte Amsellem-Ossipow
Candidate,Ardizzone Ivan,Ivan Ardizzone
Candidate,Azzabi Omar,Omar Azzabi
Candidate,Bänziger Ruth,Ruth Banziger
Candidate,Barciela Villar Ana,Ana Barciela Villar
Candidate,Bavarel Christian,Christian Bavarel
Candidate,Boccard Damien,Damien Boccard:Damien Baptiste Boccard
Candidate,Bonny Didier,Didier Bonny
Candidate,Bonvin Bonfanti Anne,Anne Bonvin Bonfanti
Candidate,Bucher Denis,Denis Bucher
Candidate,Buenzod Christian,Christian Buenzod
Candidate,Bui Aurore,Aurore Bui
Candidate,Cabitza Marina,Marina Cabitza
Candidate,Calame Boris,Boris Calame
Candidate,Calame Fabrice,Fabrice Calame
Candidate,Chaudieu Anne,Anne Chaudieu
Candidate,Concha Celtia,Celtia Concha
Candidate,Corpataux Laurence,Laurence Corpataux
Candidate,Dalphin Marc,Marc Dalphin
Candidate,De Felice Nicolas,Nicolas De Felice
Candidate,De Maio Sara,Sara De Maio
Candidate,De Matteis Yves,Yves De Matteis
Candidate,De Rougemont Philippe,Philippe De Rougemont
Candidate,Desbiolles Sophie,Sophie Desbiolles
Candidate,Descombes Isabelle,Isabelle Descombes
Candidate,Dujoux Valentin,Valentin Dujoux
Candidate,Dupuis Renaud,Renaud Dupuis
Candidate,Ebener Christophe,Christophe Ebener
Candidate,Eckert Pierre,Pierre Eckert
Candidate,Fischer Fabienne,Fabienne Fischer
Candidate,Freymond Pascal,Pascal Freymond
Candidate,Geoffroy Elias,Elias Geoffroy
Candidate,Gomez Alfonso,Alfonso Gomez
Candidate,Haas François,François Haas
Candidate,Hartmann Esther,Esther Hartmann
Candidate,Heberlein Simonett Claudia,Claudia Heberlein Simonett
Candidate,Herren Yves,Yves Herren
Candidate,Khamis Vannini Uzma,Uzma Khamis Vannini
Candidate,Klopfenstein Broggini Delphine,Delphine Klopfenstein Broggini
Candidate,Kündig Ralph,Ralph Kundig
Candidate,Latour Sabine,Sabine Latour
Candidate,Emery-Torracinta Anne,Anne Emery-Torracinta
Candidate,Apothéloz Thierry,Thierry Apotheloz
Candidate,Salerno Sandrine,Sandrine Salerno
Candidate,De Sainte-Marie Romain,Romain De Sainte-Marie
Candidate,Kast Carole-Anne,Carole-Anne Kast
Candidate,Wenger Thomas,Thomas Wenger
Candidate,Marti Caroline,Caroline Marti
Candidate,Bandler Marko,Marko Bandler
Candidate,Moyard Mizrahi Salima,Salima Moyard Mizrahi
Candidate,Dandrès Christian,Christian Dandres
Candidate,Verissimo De Freitas Helena,Helena Verissimo De Freitas
Candidate,Carasso Grégoire,Gregoire Carasso
Candidate,Sobanek Marion,Marion Sobanek
Candidate,Thévoz Sylvain,Sylvain Thevoz
Candidate,Conti Jennifer,Jennifer Conti
Candidate,Staub Martin,Martin Staub
Candidate,Valiquer Grecuccio Nicole,Nicole Valiquer Grecuccio
Candidate,Rielle Jean Charles,Jean Charles Rielle
Candidate,Gavilanes Amanda,Amanda Gavilanes
Candidate,Mizrahi Cyril,Cyril Mizrahi
Candidate,Casares Maria Jesus,Maria Jesus Casares
Candidate,Pomatto Michel,Michel Pomatto
Candidate,Strasser Léna,Lena Strasser
Candidate,Kokot Guilhem,Guilhem Kokot
Candidate,Romano Maria,Maria Romano:Maria Vittoria Romano
Candidate,Mussa Ahmed,Ahmed Mussa:Youniss Mussa
Candidate,Osmani Xhevrie,Xhevrie Osmani
Candidate,Esteban Diego,Diego Esteban
Candidate,Baillon Glenna,Glenna Baillon
Candidate,Eya Nchama Cruz Melchor,Cruz Melchor Eya Nchama
Candidate,Brandrup Gladys,Gladys Brandrup:Gladys Acosta Brandrup
Candidate,Chiaradonna Denis,Denis Chiaradonna
Candidate,Lüthi Badia,Badia Luthi
Candidate,Clemence Nicolas,Nicolas Clemence
Candidate,Vatre Patricia,Patricia Vatre
Candidate,Zimmermann Michel,Michel Zimmermann
Candidate,Viret Dora,Dora Viret:Cecilia Viret
Candidate,Velasco Alberto,Alberto Velasco
Candidate,Fabre Michel,Michel Fabre
Candidate,De Battista Regis,Regis De Battista
Candidate,Deonna Emmanuel,Emmanuel Deonna
Candidate,Tombola Jean-Pierre,Jean-Pierre Tombola
Candidate,Keel Theo,Theo Keel
Candidate,Lapalud Patrick,Patrick Lapalud
Candidate,Barry Thierno,Thierno Barry
Candidate,Halimi Hysri,Hysri Halimi
Candidate,Gajardo Munoz Jorge,Jorge Gajardo Munoz
Candidate,Alonso Unica Manuel,Manuel Alonso Unica
Candidate,Baldini Frédéric,Frederic Baldini
Candidate,Bruchez Thomas,Thomas Bruchez
Candidate,Benda Benjamin,Benjamin Benda
Candidate,Burkhard Roland,Roland Burkhard
Candidate,Bosshard Pierre Yves,Pierre Yves Bosshard
Candidate,Kurteshi Ismet,Ismet Kurteshi
Candidate,Maudet Pierre,Pierre Maudet
Candidate,Fontanet Nathalie,Nathalie Fontanet
Candidate,De Senarclens Alexandre,Alexandre De Senarclens
Candidate,De Montmollin Simone,Simone De Montmollin
Candidate,Morel Philippe,Philippe Morel
Candidate,Putallaz Jean,Jean Putallaz:Jean Jean Romain
Candidate,Saudan Patrick,Patrick Saudan
Candidate,Selleger Charles,Charles Selleger
Candidate,Uehlinger Pascal,Pascal Uehlinger
Candidate,Vuillod Georges,Georges Vuillod
Candidate,Wicky Raymond,Raymond Wicky
Candidate,Zuber Céline,Celine Zuber:Celine Roy
Candidate,Zweifel Yvan,Yvan Zweifel
Candidate,Aellen Cyril,Cyril Aellen
Candidate,Alder Murat Julian,Murat Julian Alder
Candidate,Barbey Alexis,Alexis Barbey
Candidate,Barde Antoine,Antoine Barde
Candidate,Béné Jacques,Jacques Bene
Candidate,De Candolle Beatriz,Beatriz De Candolle
Candidate,Conne Pierre,Pierre Conne
Candidate,Cuendet Edouard,Edouard Cuendet
Candidate,Hardyn Nathalie,Nathalie Hardyn
Candidate,Hiltpold Serge,Serge Hiltpold
Candidate,Malek-Asghar Patrick,Patrick Malek-Asghar
Candidate,Monbaron Fabienne,Fabienne Monbaron:Fabienne Monbaron-Stress
Candidate,Morand Louise,Louise Morand
Candidate,Nicollier Pierre,Pierre Nicollier
Candidate,Oppliger Danielle,Danielle Oppliger
Candidate,Orsini Antoine,Antoine Orsini
Candidate,Pasquier Jean-Pierre,Jean-Pierre Pasquier
Candidate,Patek Serge,Serge Patek
Candidate,De Planta Francine,Francine De Planta
Candidate,Rana Zolana Ginior,Ginior Rana Zolana
Candidate,Rigotti Maria,Maria Rigotti:Helena Rigotti
Candidate,Roullet Michèle,Michele Roullet
Candidate,Schaller Vincent,Vincent Schaller
Candidate,Schneebeli Roland-Daniel,Roland-Daniel Schneebeli
Candidate,Senglet Christophe,Christophe Senglet
Candidate,Serrano Philippe,Philippe Serrano
Candidate,Sommer Monika,Monika Sommer
Candidate,Steiner Matthieu,Matthieu Steiner
Candidate,Subilia Vincent,Vincent Subilia
Candidate,Taboada Francisco,Francisco Taboada
Candidate,Tschopp Laurent,Laurent Tschopp
Candidate,Wavre Rolin,Rolin Wavre
Candidate,Wicki Guy,Guy Wicki
Candidate,Wolfisberg François,François Wolfisberg
Candidate,Agramunt Gian-Reto,Gian-Reto Agramunt
Candidate,Apothéloz Jacques,Jacques Apotheloz
Candidate,Aubert Nicolas,Nicolas Aubert
Candidate,Barbier-Mueller Diane,Diane Barbier-Mueller
Candidate,Bellingeri Stefano Vito,Stefano Vito Bellingeri
Candidate,Bersier Julie,Julie Bersier
Candidate,Blanch Richard-Pascal,Richard-Pascal Blanch:Pascal Blanch
Candidate,Böhler Frances,Frances Bohler:Frances Bohler-GoodshipElizabeth BohlerElizabeth Bohler-Goodship
Candidate,Bouvier Christine,Christine Bouvier
Candidate,Brandt Simon,Simon Brandt
Candidate,Bron Gilles-Olivier,Gilles-Olivier Bron
Candidate,Brunel Mayori,Mayori Brunel
Candidate,Burri Rémy,Remy Burri
Candidate,Cornu Renate,Renate Cornu
Candidate,Creffield Conrad,Conrad Creffield
Candidate,Daher Vincent,Vincent Daher
Candidate,Dérobert Thierry,Thierry Derobert
Candidate,Desfayes Natacha,Natacha Desfayes:Natacha Buffet-Desfayes
Candidate,Douzals Jacques,Jacques Douzals
Candidate,Fiss Joëlle,Joelle Fiss
Candidate,Genecand Adrien,Adrien Genecand
Candidate,Giacobino Donata,Donata Giacobino:Donata Giacobino-FroidevauxNadia GiacobinoNadia Giacobino-Froidevaux
Candidate,Grand Eric,Eric Grand
Candidate,Grognuz Fabien,Fabien Grognuz
Candidate,Jay Sylvie,Sylvie Jay
Candidate,Jud Philippe,Philippe Jud
Candidate,Kämpfen Véronique,Veronique Kampfen
Candidate,Lämmel Valérie,Valerie Lammel:Valerie Laemmel-Juillard
Candidate,Leiser Jean-Marc,Jean-Marc Leiser
Candidate,Locher Jean,Jean Locher
Candidate,Luzzatto Christine,Christine Luzzatto
Candidate,Messerli Marie-Claire,Marie-Claire Messerli
Candidate,Meyer Philippe,Philippe Meyer
Candidate,Barthassat Luc,Luc Barthassat
Candidate,Dal Busco Serge,Serge Dal Busco
Candidate,Buchs Bertrand,Bertrand Buchs
Candidate,Aebi Benjamin,Benjamin Aebi
Candidate,Angelozzi Philippe,Philippe Angelozzi
Candidate,Von Arx-Vernon Anne-Marie,Anne-Marie Von Arx-Vernon
Candidate,Bachmann Delphine,Delphine Bachmann
Candidate,Bidaux Patricia,Patricia Bidaux:Patricia Bidaux-Rodriguez
Candidate,Blondin Jacques,Jacques Blondin
Candidate,Bocquet Claude,Claude Bocquet
Candidate,Bourbala Djamel,Djamel Bourbala
Candidate,Bouvier Jérémy,Jeremy Bouvier
Candidate,Bugnion Jean-Michel,Jean-Michel Bugnion
Candidate,Casutt Martine,Martine Casutt
Candidate,Cerutti Olivier,Olivier Cerutti
Candidate,Chaker Mangeat Alia,Alia Chaker Mangeat
Candidate,Chevalier Alexandre,Alexandre Chevalier
Candidate,Decrey Christophe,Christophe Decrey
Candidate,Deluermoz Cosima,Cosima Deluermoz
Candidate,Desfayes Sébastien,Sebastien Desfayes
Candidate,Dulex Christophe,Christophe Dulex
Candidate,Dupont Thérèse,Therese Dupont
Candidate,Engelberts Marie-Thérèse,Marie-Therese Engelberts:Marie-Therese Engelberts-Leone
Candidate,Fischer Daniel,Daniel Fischer
Candidate,Forni Jean-Luc,Jean-Luc Forni
Candidate,Fournier Nicolas,Nicolas Fournier
Candidate,Frischknecht Catherine,Catherine Frischknecht
Candidate,Gache Hélène,Helene Gache
Candidate,Gashi Sami,Sami Gashi
Candidate,Giannasi Anthony,Anthony Giannasi
Candidate,Giannelli Mark,Mark Giannelli
Candidate,Gioria Gaëlle,Gaelle Gioria
Candidate,Guinchard Jean-Marc,Jean-Marc Guinchard
Candidate,De Kalbermatten Alain,Alain De Kalbermatten
Candidate,Khattabi Hassar Houda,Houda Khattabi Hassar
Candidate,Kunz Laurence,Laurence Kunz
Candidate,Lance François,François Lance
Candidate,Lathion Jean Charles,Jean Charles Lathion
Candidate,Lehner Laurent,Laurent Lehner
Candidate,Lupo Paolo,Paolo Lupo
Candidate,Magnin Xavier,Xavier Magnin
Candidate,Magnin Yves,Yves Magnin
Candidate,Maitre Vincent,Vincent Maitre
Candidate,Makki Michela,Michela Makki:Michele Makki
Candidate,Meissner Reyfer Christine,Christine Meissner Reyfer:Christina Meissner Reyfer
Candidate,Merle Emmanuelle,Emmanuelle Merle
Candidate,Mettan Guy,Guy Mettan
Candidate,Meyer De Stadelhofen Philippe,Philippe Meyer De Stadelhofen
Candidate,Mondoux Alexandre,Alexandre Mondoux
Candidate,Moroni Catherine,Catherine Moroni
Candidate,Neuder Isabelle,Isabelle Neuder
Candidate,Ouedraogo Moustapha,Moustapha Ouedraogo
Candidate,Perret Vincent,Vincent Perret
Candidate,Pfeiffer Alex,Alex Pfeiffer
Candidate,Progin Christian,Christian Progin
Candidate,Putallaz Thomas,Thomas Putallaz
Candidate,Rasolo Daniel,Daniel Rasolo
Candidate,Ruchet Philippe,Philippe Ruchet
Candidate,Rys Alexandra,Alexandra Rys
Candidate,Saudan Guy,Guy Saudan
Candidate,Sayegh Souheil,Souheil Sayegh
Candidate,Scandurra Alessandro,Alessandro Scandurra
Candidate,Schmied Patrick,Patrick Schmied
Candidate,Schrag Sylvianne,Sylvianne Schrag
Candidate,Simoes Jose,Jose Simoes
Candidate,Sopi Dardan,Dardan Sopi
Candidate,Squillaci Nicola,Nicola Squillaci
Candidate,Steinberg Candrian Melinda,Melinda Steinberg Candrian
Candidate,Tomassi Christine,Christine Tomassi
Candidate,Tremblet Laurent,Laurent Tremblet
Candidate,Uong Dinh Manh,Dinh Manh Uong
Candidate,Völki Robert,Robert Volki
Candidate,Vuarnoz Emanuela,Emanuela Vuarnoz:Emanuelle Vuarnoz
Candidate,Wehrli Patrick,Patrick Wehrli
Candidate,Zimmermann Luc,Luc Zimmermann
Candidate,Zimmermann Bertrand,Bertrand Zimmermann
Candidate,Nidegger Yves,Yves Nidegger
Candidate,Bläsi Thomas,Thomas Blasi
Candidate,Florey Stéphane,Stephane Florey
Candidate,Leyvraz Eric,Eric Leyvraz
Candidate,Fuhrmann Marc,Marc Fuhrmann
Candidate,Lussi Patrick,Patrick Lussi
Candidate,Ivanov Christo,Christo Ivanov
Candidate,Falquet Marc,Marc Falquet
Candidate,Maendly Norbert,Norbert Maendly
Candidate,Pfeffer André,Andre Pfeffer
Candidate,Catelain Gilbert,Gilbert Catelain
Candidate,Hulliger Patrick,Patrick Hulliger
Candidate,Michaud Eliane,Eliane Michaud:Eliane Ansermet
Candidate,Scherb Peter,Peter Scherb:Pierre Scherb
Candidate,Stark Riccardo,Riccardo Stark:Richard Stark
Candidate,Guinchard Damien,Damien Guinchard
Candidate,Bisol Walter,Walter Bisol
Candidate,Masé Zora,Zora Mase
Candidate,Velen François,François Velen
Candidate,Knörr Stephen,Stephen Knorr
Candidate,Rubeli Pascal,Pascal Rubeli
Candidate,Lyon Didier,Didier Lyon
Candidate,Perrenoud Philippe,Philippe Perrenoud
Candidate,Dutruit André,Andre Dutruit
Candidate,Altenbach Pascal,Pascal Altenbach
Candidate,Queffélec Philippe,Philippe Queffelec
Candidate,Laporte Claude,Claude Laporte
Candidate,Conti Virna,Virna Conti
Candidate,Parel Loïc,Loic Parel
Candidate,Heddi Leila,Leila Heddi
Candidate,Gomes De Almeida José,Jose Gomes De Almeida:Manuel Gomes De Almeida
Candidate,Bertinat Marie-Agnès,Marie-Agnes Bertinat
Candidate,Mounla Alexandre,Alexandre Mounla
Candidate,Dournow David,David Dournow
Candidate,Chaussivert Patrice,Patrice Chaussivert
Candidate,Knoll Tatiana,Tatiana Knoll
Candidate,Rime Alexandre,Alexandre Rime
Candidate,Desyatkina Dzodziev Viktoriya,Viktoriya Desyatkina Dzodziev
Candidate,Thomas Sébastien,Sebastien Thomas
Candidate,Romanens Mathieu,Mathieu Romanens
Candidate,Schweizer Adriana,Adriana Schweizer
Candidate,Khachatryan Gohar,Gohar Khachatryan
Candidate,Prando Stéphane,Stephane Prando
Candidate,Borer Maria Da Conceicao,Maria Da Conceicao Borer
Candidate,Akaba El Mostafa,El Mostafa Akaba
Candidate,Léguillon Angèle,Angele Leguillon
Candidate,Bontoux Caroline,Caroline Bontoux
Candidate,Honegger Heller Manuela,Manuela Honegger Heller
Candidate,Ocharan Robles Rapaz Eva,Eva Ocharan Robles Rapaz:Eva Ocharan Robles
Candidate,Da Cruz Pedro Anna,Anna Da Cruz Pedro:Anna Da Cruz Perret-Gentil
Candidate,Borcard Anne,Anne Borcard
Candidate,Müller Fabienne,Fabienne Muller:Fabienne Abramovich
Candidate,Yol Diana,Diana Yol
Candidate,Randegger Alice,Alice Randegger
Candidate,Depraetere Graciela,Graciela Depraetere:Graciela Depraetere-Manulis
Candidate,Ozdemir Elcim,Elcim Ozdemir:Elcim ÖzdemirElçim OzdemirElçim Özdemir
Candidate,Ricciardi Werlen Jacqueline,Jacqueline Ricciardi Werlen
Candidate,Rossier Fahrion Cerise,Cerise Rossier Fahrion
Candidate,Boselli Gauthey Monica,Monica Boselli Gauthey
Candidate,Lavrador Dias Claudia,Claudia Lavrador Dias:Claudia Dias
Candidate,Jauch Caroline,Caroline Jauch
Candidate,Grange Marie-Florence,Marie-Florence Grange
Candidate,Mazzoni Nikita,Nikita Mazzoni
Candidate,Langer Valérie,Valerie Langer
Candidate,Mayoral Edo Corinne,Corinne Mayoral Edo:Corinne Mayoral
Candidate,Thomias Leduc Diana,Diana Thomias Leduc
Candidate,Orsini Magali,Magali Orsini
Candidate,Gauthier Pierre,Pierre Gauthier
Candidate,Armand Catherine,Catherine Armand
Candidate,Guex Stéphane,Stephane Guex:dit Guex-Pierre Guex
Candidate,Humberset Corinne,Corinne Humberset
Candidate,Ruckterstuhl Jean-Claude,Jean-Claude Ruckterstuhl
Candidate,Longo Katrin,Katrin Longo
Candidate,Girod Nicolas,Nicolas Girod
Candidate,Küderli Berkane Nicole,Nicole Kuderli Berkane
Candidate,Flaks Joël,Joel Flaks
Candidate,Perrin Brigitte,Brigitte Perrin
Candidate,Goudal Renaud,Renaud Goudal
Candidate,Meynet Danielle,Danielle Meynet
Candidate,Meynet Leon,Leon Meynet
Candidate,Turnowsky Serge,Serge Turnowsky
Candidate,Zimmermann Olivier,Olivier Zimmermann
Candidate,Chatelain Dimitri,Dimitri Chatelain
Candidate,Stauffer Eric,Eric Stauffer
Candidate,Zacharias Ronald,Ronald Zacharias
Candidate,Saraiva Medeiros Carlos,Carlos Saraiva Medeiros
Candidate,Spühler Pascal,Pascal Spuhler
Candidate,Gaetanino Marco,Marco Gaetanino
Candidate,Le Jeune Giacobbi Cristina,Cristina Le Jeune Giacobbi
Candidate,Walther Thierry,Thierry Walther
Candidate,Hüssy Coppex Viviana Ximena Anghela,Viviana Ximena Anghela Hussy Coppex
Candidate,Loeillet-Rouzier Anne,Anne Loeillet-Rouzier:Marie Loeillet-Rouzier
Candidate,Fusco Gerardo,Gerardo Fusco
Candidate,Gamberoni Dominique,Dominique Gamberoni
Candidate,Nobs Cyril,Cyril Nobs
Candidate,Noël Daniel,Daniel Noel
Candidate,Santi Michel,Michel Santi
Candidate,Picot Jérôme,Jerome Picot
Candidate,Ruchonnet Jean-François,Jean-François Ruchonnet
Candidate,Galetto Frédéric,Frederic Galetto
Candidate,Beck Victoria,Victoria Beck
Candidate,Antoine Jean-Marc,Jean-Marc Antoine
Candidate,Rime Fatma,Fatma Rime:Fatima Rime
Candidate,L'Huillier Eric,Eric L'Huillier
Candidate,Paraná Júnior Valério,Valerio Paraná Júnior
Candidate,Lota Raphaëlle,Raphaelle Lota
Candidate,Thomsen Elena,Elena Thomsen:Elena Milakova
Candidate,Ballesteros Stefan,Stefan Ballesteros
Candidate,Fabre Jean,Jean Fabre
Candidate,Nguyen Van Minh,Van Minh Nguyen
Candidate,Martel Frédéric,Frederic Martel
Candidate,Frey Priscilla,Priscilla Frey
Candidate,Brkic Vitomir,Vitomir Brkic
Candidate,Levy Yossef,Yossef Levy:Hai Levy
Candidate,Bissoli Marion,Marion Bissoli:Marion Le Bacquer
Candidate,Cohen Olivier,Olivier Cohen
Candidate,Bruguier Michel,Michel Bruguier
Candidate,Solteiro Jorge,Jorge Solteiro
Candidate,Halimi Arsim,Arsim Halimi
Candidate,Berlemont Alain,Alain Berlemont
Candidate,Gargantini Yves,Yves Gargantini
Candidate,Maigre Maria Inès,Maria Ines Maigre
Candidate,Farinha Horacio,Horacio Farinha
Candidate,Vidonne Thierry,Thierry Vidonne
Candidate,Leitner André,Andre Leitner
Candidate,Delacquis Cédric,Cedric Delacquis
Candidate,Zagato Sophie,Sophie Zagato
Candidate,Vidonne Valérie,Valerie Vidonne
Candidate,Ferrand Guy,Guy Ferrand
Candidate,Kunzi Nicolas,Nicolas Kunzi
Candidate,Kugel Mark,Mark Kugel
Candidate,Thurnherr Laurent,Laurent Thurnherr
Candidate,Vidonne David,David Vidonne
Candidate,Beureux Silvain,Silvain Beureux
Candidate,Kunzi Philippe,Philippe Kunzi
Candidate,Fader Annette,Annette Fader:Yasuka Fader
Candidate,Thurnherr Sylvain,Sylvain Thurnherr
Candidate,Beureux Johan,Johan Beureux
Candidate,Poggia Mauro,Mauro Poggia
Candidate,Golay Roger,Roger Golay
Candidate,Roch Ana Belen,Ana Belen Roch
Candidate,Sormanni Daniel,Daniel Sormanni
Candidate,Cerutti Thierry,Thierry Cerutti
Candidate,Voumard Jean Marie,Jean Marie Voumard
Candidate,Le Joncour-Brülhart Céline,Celine Le Joncour-Brulhart
Candidate,Bärtschi François,François Bartschi
Candidate,Pistis Sandro,Sandro Pistis
Candidate,Derouette Jean-Paul,Jean-Paul Derouette
Candidate,Magnin Danièle,Daniele Magnin
Candidate,Valentin Francisco,Francisco Valentin
Candidate,Sapin Françoise,Françoise Sapin
Candidate,Flury Christian,Christian Flury
Candidate,Golay Sandra,Sandra Golay
Candidate,Python André,Andre Python
Candidate,Rappaz Henry,Henry Rappaz
Candidate,Gander Florian,Florian Gander
Candidate,Decorvet Christian,Christian Decorvet
Candidate,Sonderegger Gabriela,Gabriela Sonderegger
Candidate,Dimier Patrick,Patrick Dimier
Candidate,Fontaine-Vive-Curtaz Jean,Jean Fontaine-Vive-Curtaz
Candidate,Saas Alexandra,Alexandra Saas
Candidate,Zogg Thomas,Thomas Zogg
Candidate,Pascarella Louise,Louise Pascarella
Candidate,Fekkak Hatem,Hatem Fekkak
Candidate,Angelo Antonio,Antonio Angelo
Candidate,Cattin Jean-Pascal,Jean-Pascal Cattin
Candidate,Baryeka Jarek,Jarek Baryeka
Candidate,Reichenbach Kevin,Kevin Reichenbach
Candidate,Chapou Frédéric,Frederic Chapou
Candidate,Madani Amar,Amar Madani
Candidate,Leisi Laurent,Laurent Leisi
Candidate,Oudin Rémy,Remy Oudin
Candidate,Villette Jean,Jean Villette
Candidate,Ambrosio François,François Ambrosio
Candidate,Teixeira Albano,Albano Teixeira
Candidate,Frauchiger Roger,Roger Frauchiger
Candidate,Dellagiovanna Daniel,Daniel Dellagiovanna
Candidate,Roulin Claude,Claude Roulin
Candidate,Couto Armando,Armando Couto
Candidate,Nieto Alexandre,Alexandre Nieto
Candidate,Chaoui Laïla,Laila Chaoui
Candidate,Sotomayor André,Andre Sotomayor
Candidate,Do Rego Ricardo,Ricardo Do Rego
Candidate,Vendrell Marie,Marie Vendrell
Candidate,Ménétrey Yasmine,Yasmine Menetrey
Candidate,Angeloz Claude,Claude Angeloz
Candidate,Laurent Pierre-Alain,Pierre-Alain Laurent
Candidate,Jahija Burim,Burim Jahija
Candidate,Di Salvo Giuseppe,Giuseppe Di Salvo
Candidate,Heimo Philippe,Philippe Heimo
Candidate,Chappaz Marc,Marc Chappaz
Candidate,Barry Minkailou,Minkailou Barry
Candidate,Catalan Joëlle,Joelle Catalan
Candidate,Reolon Bruno,Bruno Reolon
Candidate,Albanesi Jean-François,Jean-François Albanesi
Candidate,Klingele Olivier,Olivier Klingele
Candidate,Bencker Jeanne,Jeanne Bencker
Candidate,Marguet Tex,Tex Marguet
Candidate,Delmenico Janine,Janine Delmenico
Candidate,Shlyapina Elena,Elena Shlyapina
Candidate,Mudry Yves,Yves Mudry
Candidate,Gostoli Gérard,Gerard Gostoli
Candidate,Yau Helen,Helen Yau
Candidate,Innocenti Flavio,Flavio Innocenti
Candidate,Cover Sabina,Sabina Cover
Candidate,Ambord Cédric,Cedric Ambord:Sandro Ambord
Candidate,Garcia Javier,Javier Garcia
Candidate,Belcastro De Luca Nathalie,Nathalie Belcastro De Luca
Candidate,Zbinden Jean-Luc,Jean-Luc Zbinden
Candidate,Ahdab Ahmad,Ahmad Ahdab:Chawki Ahdab
Candidate,Baiunco Aurora,Aurora Baiunco
Candidate,Oliveira Rui,Rui Oliveira
Candidate,Pastore Daniel,Daniel Pastore:Dany Pastore
Candidate,Draskovic Rada,Rada Draskovic
Candidate,Haymoz William,William Haymoz
Candidate,Besse Muriel,Muriel Besse
Candidate,Naine Marie-Josée,Marie-Josee Naine
Candidate,Gharbi Mohamed,Mohamed Gharbi
Candidate,Loosli Bertille,Bertille Loosli:Clarence Loosli
Candidate,Emonet Sarah,Sarah Emonet
Candidate,Müller Olivier,Olivier Muller
Candidate,Loddo Olivier,Olivier Loddo:Olivier Henrioud
Candidate,Ben Chaabane Salah,Salah Ben Chaabane
Candidate,De Oliveira Nunes Vitor,Vitor De Oliveira Nunes
Candidate,Martignoni Alain,Alain Martignoni
Candidate,Maréchal Christophe,Christophe Marechal
Candidate,Spagnolo Salvatore,Salvatore Spagnolo
Candidate,Pierre Toussaint Sircee,Sircee Pierre Toussaint
Candidate,Steiner Christian,Christian Steiner
Candidate,Beun Christine,Christine Beun:Kristine Beun
Candidate,Bissat Rose,Rose Bissat:Marie Angeline Bissat
Candidate,Guisy Milène,Milene Guisy
Candidate,Martin Emmanuel,Emmanuel Martin
Candidate,Dussan Julien,Julien Dussan
Candidate,Bonvin Philippe,Philippe Bonvin
Candidate,Sauser Nicolas,Nicolas Sauser
Candidate,Ryser Alain,Alain Ryser
Candidate,Monney Armand,Armand Monney
Candidate,Peyraud Alexandre,Alexandre Peyraud
Candidate,Häusermann Elisabeth,Elisabeth Hausermann
Candidate,Gautrot Maria Magdalena,Maria Magdalena Gautrot:Marielena Gautrot
Candidate,Fontana Jérôme,Jerome Fontana
Candidate,Piguet Frédéric,Frederic Piguet:Paul Piguet
Candidate,Wuarin Marc,Marc Wuarin
Candidate,Samim Firouzsalari Atefeh,Atefeh Samim Firouzsalari
Candidate,Bustamante Hernandez Eric,Eric Bustamante Hernandez
Candidate,Hamoir Fursy,Fursy Hamoir
Candidate,Preisig Robert,Robert Preisig
Candidate,Jeanmonod Christian,Christian Jeanmonod
Candidate,Meylan Jean Michel,Jean Michel Meylan
Candidate,Cori Claudio,Claudio Cori
Candidate,Wittwer Christoph,Christoph Wittwer
Candidate,Besomi Alessandro,Alessandro Besomi:Alex Besomi
Candidate,Ritter Sven,Sven Ritter
Candidate,Duvnjak Sanja,Sanja Duvnjak
Candidate,Frammery Chloe,Chloe Frammery
Candidate,Fouda Amougou Charlotte,Charlotte Fouda Amougou
Candidate,Scheller Gérard,Gerard Scheller
Candidate,Rossellat Blaise,Blaise Rossellat
Candidate,Dachroune Samir,Samir Dachroune
Candidate,Bult Christoph,Christoph Bult
Candidate,Monshengwo Jessica,Jessica Monshengwo
Candidate,Lopez Julien,Julien Lopez
Candidate,Fraudeau Delphine,Delphine Fraudeau
Candidate,Abesse Hayet,Hayet Abesse
Candidate,Golay Séverine,Severine Golay
Candidate,Jordan Claude,Claude Jordan
Candidate,Regamey Murielle,Murielle Regamey
Candidate,Schucani Grégoire,Gregoire Schucani
Candidate,Amberger Axel,Axel Amberger
Candidate,Aymon Paul,Paul Aymon:dit Paul Sierre Aymon
Candidate,Cretegny Willy,Willy Cretegny
Candidate,Amsler Susanne,Susanne Amsler
